Date,Open,High,Low,Close,Adj Close,Volume
2009-12-31,47.43000030517578,47.77000045776367,46.40999984741211,46.45000076293945,28.55987548828125,929800
2010-01-04,46.619998931884766,46.91999816894531,46.40999984741211,46.77000045776367,28.756637573242188,1840900
2010-01-05,46.650001525878906,46.84000015258789,45.66999816894531,46.25,28.436914443969727,2922100
2010-01-06,46.29999923706055,46.849998474121094,46.02000045776367,46.75,28.744333267211914,3426300
2010-01-07,46.56999969482422,46.7400016784668,45.97999954223633,46.04999923706055,28.313947677612305,2327700
2010-01-08,45.95000076293945,46.09000015258789,45.529998779296875,45.810001373291016,28.166383743286133,2286900
2010-01-11,46.08000183105469,46.79999923706055,45.970001220703125,46.61000061035156,28.65826988220215,2026900
2010-01-12,46.959999084472656,46.959999084472656,46.369998931884766,46.68000030517578,28.701303482055664,2687400
2010-01-13,46.66999816894531,47.09000015258789,46.38999938964844,46.95000076293945,28.867305755615234,1556000
2010-01-14,46.84000015258789,46.95000076293945,46.54999923706055,46.869998931884766,28.818115234375,2144200
2010-01-15,46.84000015258789,46.84000015258789,45.900001525878906,46.689998626708984,28.70744514465332,2244200
2010-01-19,46.58000183105469,47.060001373291016,46.380001068115234,47.029998779296875,28.91649055480957,1640700
2010-01-20,46.880001068115234,46.880001068115234,45.900001525878906,46.369998931884766,28.51069450378418,2068500
2010-01-21,46.20000076293945,46.5099983215332,45.02000045776367,45.13999938964844,27.754426956176758,2436000
2010-01-22,45.130001068115234,45.130001068115234,44.11000061035156,44.130001068115234,27.133420944213867,2450700
2010-01-25,44.689998626708984,44.779998779296875,44.099998474121094,44.38999938964844,27.293296813964844,1892700
2010-01-26,44.34000015258789,44.869998931884766,44.11000061035156,44.61000061035156,27.428552627563477,2277800
2010-01-27,44.439998626708984,44.439998626708984,43.540000915527344,44.220001220703125,27.18876075744629,2259900
2010-01-28,44.279998779296875,44.459999084472656,43.540000915527344,43.65999984741211,26.844446182250977,1445600
2010-01-29,43.790000915527344,44.15999984741211,43.540000915527344,43.619998931884766,26.81985092163086,1906900
2010-02-01,43.09000015258789,43.939998626708984,42.88999938964844,43.75,26.899782180786133,1837100
2010-02-02,43.70000076293945,44.13999938964844,43.150001525878906,44.099998474121094,27.114986419677734,2309300
2010-02-03,43.56999969482422,43.56999969482422,42.7599983215332,42.86000061035156,26.685382843017578,1537900
2010-02-04,42.709999084472656,42.9900016784668,41.86000061035156,41.91999816894531,26.100122451782227,2546000
2010-02-05,41.83000183105469,42.130001068115234,40.9900016784668,41.54999923706055,25.86974334716797,2330600
2010-02-08,41.79999923706055,41.79999923706055,40.9900016784668,40.9900016784668,25.52108383178711,1343500
2010-02-09,41.290000915527344,42.29999923706055,41.279998779296875,41.7400016784668,25.988040924072266,2909500
2010-02-10,41.70000076293945,41.720001220703125,41.13999938964844,41.459999084472656,25.81370735168457,1713700
2010-02-11,39.349998474121094,39.86000061035156,38.709999084472656,39.59000015258789,24.649412155151367,15876900
2010-02-12,39.650001525878906,39.720001220703125,38.66999816894531,39.189998626708984,24.400371551513672,9142500
2010-02-16,39.400001525878906,39.88999938964844,38.90999984741211,39.209999084472656,24.412824630737305,5027600
2010-02-17,39.5,39.5,38.470001220703125,38.56999969482422,24.01434898376465,4534900
2010-02-18,38.619998931884766,38.880001068115234,38.40999984741211,38.79999923706055,24.157548904418945,4062600
2010-02-19,38.650001525878906,39.869998931884766,38.599998474121094,39.70000076293945,24.717906951904297,3364800
2010-02-22,39.939998626708984,40.0,39.61000061035156,39.7400016784668,24.742816925048828,3966600
2010-02-23,39.709999084472656,39.709999084472656,39.08000183105469,39.209999084472656,24.412824630737305,2895300
2010-02-24,39.22999954223633,39.40999984741211,38.77000045776367,39.119998931884766,24.356788635253906,2784700
2010-02-25,38.77000045776367,39.15999984741211,38.400001525878906,39.06999969482422,24.325653076171875,3306300
2010-02-26,39.08000183105469,39.18000030517578,38.59000015258789,38.650001525878906,24.064163208007812,2972600
2010-03-01,38.790000915527344,39.2599983215332,38.75,39.06999969482422,24.325653076171875,2871700
2010-03-02,39.290000915527344,39.380001068115234,39.06999969482422,39.31999969482422,24.481307983398438,3457600
2010-03-03,39.45000076293945,39.45000076293945,38.75,38.91999816894531,24.232261657714844,3349800
2010-03-04,38.91999816894531,39.04999923706055,38.54999923706055,38.91999816894531,24.232261657714844,2272900
2010-03-05,39.16999816894531,39.61000061035156,38.869998931884766,39.61000061035156,24.6618709564209,2636600
2010-03-08,39.689998626708984,39.689998626708984,39.349998474121094,39.5099983215332,24.599609375,2363500
2010-03-09,39.54999923706055,39.54999923706055,39.16999816894531,39.459999084472656,24.568471908569336,2698200
2010-03-10,39.459999084472656,39.86000061035156,39.349998474121094,39.7599983215332,24.755264282226562,2954000
2010-03-11,39.7599983215332,39.849998474121094,39.59000015258789,39.72999954223633,24.736583709716797,2896800
2010-03-12,39.83000183105469,39.95000076293945,39.400001525878906,39.45000076293945,24.5622501373291,2499300
2010-03-15,39.470001220703125,39.79999923706055,39.310001373291016,39.689998626708984,24.711673736572266,3107400
2010-03-16,39.849998474121094,39.93000030517578,39.5099983215332,39.849998474121094,24.811298370361328,2441100
2010-03-17,39.95000076293945,40.119998931884766,39.77000045776367,39.9900016784668,24.898469924926758,2534400
2010-03-18,40.119998931884766,40.16999816894531,39.45000076293945,39.59000015258789,24.649412155151367,2950300
2010-03-19,39.779998779296875,39.97999954223633,39.400001525878906,39.779998779296875,24.767711639404297,4164300
2010-03-22,39.84000015258789,40.09000015258789,39.529998779296875,39.880001068115234,24.829980850219727,4265300
2010-03-23,39.90999984741211,40.59000015258789,39.83000183105469,40.439998626708984,25.17864227294922,3878100
2010-03-24,40.31999969482422,40.40999984741211,40.099998474121094,40.27000045776367,25.072797775268555,3697300
2010-03-25,40.0,40.310001373291016,38.959999084472656,39.0099983215332,24.288297653198242,4345800
2010-03-26,39.11000061035156,39.11000061035156,38.630001068115234,38.790000915527344,24.151325225830078,2513100
2010-03-29,38.88999938964844,39.04999923706055,38.310001373291016,38.9900016784668,24.27585220336914,3167900
2010-03-30,38.939998626708984,39.08000183105469,38.77000045776367,38.880001068115234,24.207361221313477,3373300
2010-03-31,38.810001373291016,39.2599983215332,38.5,39.09000015258789,24.338115692138672,3586200
2010-04-01,39.189998626708984,39.56999969482422,39.13999938964844,39.459999084472656,24.568471908569336,2678800
2010-04-05,39.5099983215332,39.61000061035156,39.279998779296875,39.52000045776367,24.605836868286133,2320200
2010-04-06,39.630001068115234,39.90999984741211,39.45000076293945,39.869998931884766,24.823747634887695,2777500
2010-04-07,39.88999938964844,39.900001525878906,39.43000030517578,39.52000045776367,24.605836868286133,3198700
2010-04-08,39.470001220703125,39.5,39.29999923706055,39.45000076293945,24.5622501373291,1991200
2010-04-09,39.540000915527344,39.58000183105469,39.209999084472656,39.56999969482422,24.636966705322266,2349300
2010-04-12,39.61000061035156,39.959999084472656,39.54999923706055,39.63999938964844,24.6805419921875,2118400
2010-04-13,39.61000061035156,39.720001220703125,39.22999954223633,39.25,24.43773078918457,5550300
2010-04-14,39.25,39.380001068115234,38.75,38.849998474121094,24.18868064880371,4691300
2010-04-15,38.779998779296875,38.849998474121094,38.540000915527344,38.59000015258789,24.026792526245117,5007200
2010-04-16,38.5099983215332,38.61000061035156,37.689998626708984,37.849998474121094,23.566059112548828,7734500
2010-04-19,37.91999816894531,37.91999816894531,37.5,37.540000915527344,23.37305450439453,5234700
2010-04-20,37.72999954223633,37.869998931884766,37.5,37.79999923706055,23.534936904907227,5259100
2010-04-21,37.9900016784668,38.02000045776367,37.630001068115234,37.68000030517578,23.460220336914062,4193500
2010-04-22,37.47999954223633,37.5,36.86000061035156,37.34000015258789,23.2485294342041,5327800
2010-04-23,37.400001525878906,37.529998779296875,37.09000015258789,37.5099983215332,23.354368209838867,3571400
2010-04-26,37.4900016784668,37.650001525878906,36.900001525878906,37.31999969482422,23.236074447631836,5614800
2010-04-27,37.27000045776367,37.79999923706055,36.900001525878906,36.900001525878906,22.974584579467773,3824300
2010-04-28,37.029998779296875,37.75,36.93000030517578,37.459999084472656,23.323246002197266,4643100
2010-04-29,37.70000076293945,38.15999984741211,37.2599983215332,37.400001525878906,23.28587532043457,4102400
2010-04-30,37.470001220703125,37.93000030517578,37.400001525878906,37.869998931884766,23.57851219177246,5280400
2010-05-03,38.0,38.060001373291016,37.5099983215332,37.849998474121094,23.566059112548828,3853500
2010-05-04,38.16999816894531,38.20000076293945,36.970001220703125,37.06999969482422,23.080425262451172,4781900
2010-05-05,36.72999954223633,36.72999954223633,35.650001525878906,35.720001220703125,22.574827194213867,5010400
2010-05-06,35.720001220703125,35.86000061035156,33.56999969482422,34.869998931884766,22.037630081176758,7925500
2010-05-07,34.869998931884766,35.40999984741211,34.45000076293945,35.060001373291016,22.1577091217041,6748900
2010-05-10,36.099998474121094,36.369998931884766,35.560001373291016,35.93000030517578,22.707550048828125,4226300
2010-05-11,35.75,36.29999923706055,35.5099983215332,35.869998931884766,22.66962242126465,3250100
2010-05-12,35.869998931884766,36.56999969482422,35.79999923706055,36.439998626708984,23.02985954284668,3512500
2010-05-13,36.5,37.459999084472656,36.349998474121094,36.7599983215332,23.23209571838379,4182300
2010-05-14,37.130001068115234,37.189998626708984,36.4900016784668,36.7400016784668,23.219465255737305,4137100
2010-05-17,36.790000915527344,36.790000915527344,35.970001220703125,36.54999923706055,23.099382400512695,4108700
2010-05-18,36.63999938964844,36.689998626708984,35.86000061035156,35.91999816894531,22.701221466064453,4563000
2010-05-19,35.7599983215332,36.099998474121094,35.5,35.72999954223633,22.581146240234375,4215900
2010-05-20,35.47999954223633,35.47999954223633,34.689998626708984,34.709999084472656,21.936511993408203,4303600
2010-05-21,34.11000061035156,34.880001068115234,34.06999969482422,34.880001068115234,22.04395294189453,4244500
2010-05-24,34.810001373291016,35.290000915527344,34.61000061035156,34.650001525878906,21.898590087890625,3907700
2010-05-25,34.09000015258789,34.41999816894531,33.599998474121094,34.380001068115234,21.727954864501953,4158900
2010-05-26,34.63999938964844,34.869998931884766,34.20000076293945,34.43000030517578,21.759553909301758,3307700
2010-05-27,34.90999984741211,35.2400016784668,34.58000183105469,35.2400016784668,22.27147102355957,2628800
2010-05-28,35.33000183105469,35.619998931884766,35.13999938964844,35.209999084472656,22.252513885498047,3421300
2010-06-01,34.9900016784668,35.0099983215332,34.029998779296875,34.029998779296875,21.506755828857422,3324600
2010-06-02,34.22999954223633,34.81999969482422,34.04999923706055,34.81999969482422,22.006031036376953,2789300
2010-06-03,34.9900016784668,35.650001525878906,34.81999969482422,35.56999969482422,22.480030059814453,3429700
2010-06-04,35.4900016784668,35.88999938964844,35.06999969482422,35.220001220703125,22.258827209472656,4785900
2010-06-07,35.34000015258789,36.529998779296875,35.2400016784668,36.15999984741211,22.852903366088867,6229100
2010-06-08,36.27000045776367,36.59000015258789,35.869998931884766,36.470001220703125,23.048824310302734,4719000
2010-06-09,36.540000915527344,36.619998931884766,35.97999954223633,36.119998931884766,22.82762336730957,3522200
2010-06-10,36.45000076293945,37.06999969482422,36.45000076293945,37.0,23.383779525756836,2403900
2010-06-11,36.689998626708984,36.970001220703125,36.5099983215332,36.880001068115234,23.30794334411621,1495900
2010-06-14,37.27000045776367,37.41999816894531,36.849998474121094,37.18000030517578,23.497541427612305,2433800
2010-06-15,37.41999816894531,37.880001068115234,37.34000015258789,37.869998931884766,23.933609008789062,2209300
2010-06-16,37.630001068115234,38.13999938964844,37.470001220703125,37.93000030517578,23.971532821655273,2139000
2010-06-17,38.06999969482422,38.59000015258789,37.790000915527344,38.540000915527344,24.357053756713867,3606500
2010-06-18,38.380001068115234,38.560001373291016,38.27000045776367,38.470001220703125,24.31281089782715,2078200
2010-06-21,38.31999969482422,38.68000030517578,37.54999923706055,37.75,23.857770919799805,3876500
2010-06-22,37.849998474121094,37.880001068115234,36.349998474121094,36.40999984741211,23.010906219482422,4540100
2010-06-23,36.5099983215332,36.72999954223633,35.97999954223633,36.099998474121094,22.814992904663086,2297700
2010-06-24,35.91999816894531,36.790000915527344,35.91999816894531,36.06999969482422,22.7960262298584,2480300
2010-06-25,36.060001373291016,36.13999938964844,35.560001373291016,36.0099983215332,22.758106231689453,4957600
2010-06-28,36.189998626708984,36.45000076293945,35.790000915527344,36.27000045776367,22.92242431640625,2304800
2010-06-29,36.0,36.0,35.279998779296875,35.470001220703125,22.416828155517578,2337500
2010-06-30,35.400001525878906,35.880001068115234,35.060001373291016,35.22999954223633,22.26514434814453,2770200
2010-07-01,35.09000015258789,35.279998779296875,34.65999984741211,34.959999084472656,22.094505310058594,2568200
2010-07-02,35.099998474121094,35.099998474121094,34.5099983215332,34.599998474121094,21.866992950439453,1891200
2010-07-06,35.13999938964844,35.380001068115234,34.61000061035156,34.97999954223633,22.107154846191406,6519000
2010-07-07,35.0,36.11000061035156,34.810001373291016,36.029998779296875,22.77074432373047,3731000
2010-07-08,36.119998931884766,36.52000045776367,36.029998779296875,36.40999984741211,23.010906219482422,2172700
2010-07-09,36.43000030517578,37.09000015258789,36.33000183105469,37.0099983215332,23.390100479125977,2773200
2010-07-12,36.9900016784668,37.27000045776367,36.72999954223633,37.2599983215332,23.548097610473633,2833900
2010-07-13,37.459999084472656,37.77000045776367,37.13999938964844,37.470001220703125,23.680822372436523,3287700
2010-07-14,37.38999938964844,37.65999984741211,37.08000183105469,37.52000045776367,23.712417602539062,1946900
2010-07-15,37.43000030517578,37.70000076293945,37.08000183105469,37.56999969482422,23.744014739990234,2073200
2010-07-16,37.400001525878906,37.54999923706055,37.0099983215332,37.11000061035156,23.45330047607422,3080000
2010-07-19,37.310001373291016,37.81999969482422,37.0,37.650001525878906,23.79457664489746,2272400
2010-07-20,37.22999954223633,38.0,37.18000030517578,37.939998626708984,23.97784996032715,3036300
2010-07-21,38.040000915527344,38.380001068115234,37.70000076293945,37.849998474121094,23.920963287353516,4579700
2010-07-22,38.189998626708984,38.75,38.099998474121094,38.43000030517578,24.287534713745117,3810900
2010-07-23,38.40999984741211,38.40999984741211,37.529998779296875,37.84000015258789,23.914649963378906,4655400
2010-07-26,38.13999938964844,38.13999938964844,37.66999816894531,37.869998931884766,23.933609008789062,2905900
2010-07-27,38.13999938964844,38.84000015258789,37.959999084472656,38.810001373291016,24.527692794799805,4136300
2010-07-28,38.63999938964844,39.0,38.529998779296875,38.72999954223633,24.477130889892578,3209100
2010-07-29,38.84000015258789,38.959999084472656,37.93000030517578,38.08000183105469,24.06633949279785,3920500
2010-07-30,37.95000076293945,37.959999084472656,37.47999954223633,37.70000076293945,23.826175689697266,3829200
2010-08-02,38.11000061035156,38.54999923706055,37.9900016784668,38.439998626708984,24.29384422302246,4072000
2010-08-03,38.119998931884766,39.060001373291016,38.119998931884766,38.599998474121094,24.394973754882812,3832900
2010-08-04,37.880001068115234,38.040000915527344,37.36000061035156,37.849998474121094,24.266740798950195,3648000
2010-08-05,37.619998931884766,37.83000183105469,37.40999984741211,37.709999084472656,24.176990509033203,2138800
2010-08-06,37.400001525878906,37.63999938964844,37.0,37.52000045776367,24.05517578125,3179700
2010-08-09,37.65999984741211,37.72999954223633,37.25,37.470001220703125,24.02311897277832,2499700
2010-08-10,37.290000915527344,37.619998931884766,36.900001525878906,37.33000183105469,23.933359146118164,3220000
2010-08-11,36.93000030517578,36.970001220703125,36.15999984741211,36.29999923706055,23.272993087768555,3808000
2010-08-12,36.06999969482422,36.130001068115234,35.709999084472656,35.77000045776367,22.933197021484375,3002200
2010-08-13,35.720001220703125,36.56999969482422,35.68000030517578,36.2400016784668,23.234527587890625,3213000
2010-08-16,36.15999984741211,36.5099983215332,35.900001525878906,36.4900016784668,23.394813537597656,2856800
2010-08-17,36.68000030517578,37.33000183105469,36.52000045776367,37.060001373291016,23.7602481842041,3148000
2010-08-18,37.04999923706055,37.130001068115234,36.709999084472656,36.869998931884766,23.638439178466797,3773300
2010-08-19,36.68000030517578,36.720001220703125,36.09000015258789,36.16999816894531,23.18964958190918,4330500
2010-08-20,35.9900016784668,36.08000183105469,35.75,35.84000015258789,22.97808074951172,3193000
2010-08-23,36.029998779296875,36.369998931884766,35.709999084472656,36.08000183105469,23.131948471069336,7382600
2010-08-24,35.880001068115234,36.189998626708984,35.36000061035156,35.95000076293945,23.048599243164062,6087000
2010-08-25,35.86000061035156,36.0099983215332,35.380001068115234,35.88999938964844,23.010128021240234,4109300
2010-08-26,36.060001373291016,36.34000015258789,35.7400016784668,35.81999969482422,22.965253829956055,2958900
2010-08-27,35.970001220703125,36.7400016784668,35.720001220703125,36.65999984741211,23.503803253173828,2970600
2010-08-30,36.619998931884766,36.91999816894531,36.29999923706055,36.33000183105469,23.2922306060791,1760700
2010-08-31,36.40999984741211,36.70000076293945,35.959999084472656,36.529998779296875,23.420448303222656,2759600
2010-09-01,36.959999084472656,37.5099983215332,36.72999954223633,37.45000076293945,24.010290145874023,2988400
2010-09-02,37.630001068115234,37.630001068115234,37.060001373291016,37.459999084472656,24.016706466674805,2268700
2010-09-03,37.619998931884766,37.79999923706055,37.2400016784668,37.779998779296875,24.22187042236328,2134500
2010-09-07,37.68000030517578,38.119998931884766,37.400001525878906,37.43000030517578,23.997474670410156,2433200
2010-09-08,37.5,37.709999084472656,37.29999923706055,37.369998931884766,23.959001541137695,1911500
2010-09-09,37.689998626708984,37.84000015258789,37.47999954223633,37.599998474121094,24.106456756591797,2102900
2010-09-10,37.5,37.65999984741211,37.22999954223633,37.400001525878906,23.978229522705078,2126500
2010-09-13,37.61000061035156,37.709999084472656,37.31999969482422,37.34000015258789,23.939767837524414,1671800
2010-09-14,37.040000915527344,37.11000061035156,36.65999984741211,36.709999084472656,23.535856246948242,4150900
2010-09-15,36.689998626708984,36.7599983215332,36.2599983215332,36.529998779296875,23.420448303222656,4468400
2010-09-16,36.400001525878906,36.5099983215332,36.08000183105469,36.2400016784668,23.234527587890625,2165400
2010-09-17,36.54999923706055,36.61000061035156,36.130001068115234,36.310001373291016,23.279407501220703,3650900
2010-09-20,36.40999984741211,36.849998474121094,36.25,36.720001220703125,23.542266845703125,2439400
2010-09-21,36.65999984741211,36.779998779296875,36.36000061035156,36.41999816894531,23.349925994873047,2779000
2010-09-22,36.529998779296875,37.279998779296875,36.5099983215332,37.06999969482422,23.766664505004883,3445800
2010-09-23,37.0,37.849998474121094,36.95000076293945,37.38999938964844,23.971820831298828,4674600
2010-09-24,37.7599983215332,38.189998626708984,37.619998931884766,38.099998474121094,24.427026748657227,3268900
2010-09-27,38.189998626708984,38.75,38.06999969482422,38.400001525878906,24.61937141418457,3698600
2010-09-28,38.5099983215332,38.56999969482422,38.0099983215332,38.34000015258789,24.58089256286621,3045100
2010-09-29,38.31999969482422,38.63999938964844,38.0099983215332,38.540000915527344,24.709125518798828,2476300
2010-09-30,38.72999954223633,38.88999938964844,38.349998474121094,38.540000915527344,24.709125518798828,2672300
2010-10-01,38.86000061035156,38.970001220703125,38.459999084472656,38.88999938964844,24.93352508544922,3183300
2010-10-04,38.77000045776367,39.02000045776367,38.349998474121094,38.56999969482422,24.72835350036621,2235700
2010-10-05,38.939998626708984,39.119998931884766,38.79999923706055,38.81999969482422,24.888639450073242,4639000
2010-10-06,38.90999984741211,38.970001220703125,38.27000045776367,38.619998931884766,24.76041030883789,3375200
2010-10-07,38.70000076293945,38.779998779296875,38.25,38.459999084472656,24.657833099365234,2453200
2010-10-08,38.439998626708984,38.58000183105469,38.209999084472656,38.470001220703125,24.664249420166016,3294000
2010-10-11,38.45000076293945,38.59000015258789,38.33000183105469,38.439998626708984,24.64500617980957,1734800
2010-10-12,38.45000076293945,38.84000015258789,38.20000076293945,38.349998474121094,24.587312698364258,5724300
2010-10-13,38.63999938964844,38.91999816894531,38.34000015258789,38.88999938964844,24.93352508544922,3419200
2010-10-14,38.88999938964844,38.9900016784668,38.38999938964844,38.650001525878906,24.779653549194336,2483500
2010-10-15,38.95000076293945,39.0,38.5099983215332,38.93000030517578,24.959163665771484,2802100
2010-10-18,38.90999984741211,39.47999954223633,38.900001525878906,39.43000030517578,25.279727935791016,5936300
2010-10-19,39.13999938964844,39.75,39.119998931884766,39.43000030517578,25.279727935791016,2929700
2010-10-20,39.61000061035156,40.119998931884766,39.40999984741211,39.66999816894531,25.4335994720459,3391200
2010-10-21,39.790000915527344,40.0099983215332,39.18000030517578,39.33000183105469,25.215618133544922,4882700
2010-10-22,39.54999923706055,39.54999923706055,37.29999923706055,37.52000045776367,24.05517578125,16287800
2010-10-25,37.630001068115234,37.90999984741211,37.06999969482422,37.130001068115234,23.805130004882812,8220200
2010-10-26,36.9900016784668,37.099998474121094,35.880001068115234,36.45000076293945,23.369169235229492,13955600
2010-10-27,36.290000915527344,36.33000183105469,36.02000045776367,36.2599983215332,23.247350692749023,4311400
2010-10-28,36.45000076293945,36.58000183105469,35.880001068115234,36.16999816894531,23.18964958190918,4393300
2010-10-29,36.18000030517578,36.38999938964844,35.9900016784668,36.31999969482422,23.28582191467285,2523200
2010-11-01,36.5099983215332,36.59000015258789,35.88999938964844,36.06999969482422,23.125537872314453,2783400
2010-11-02,36.27000045776367,36.93000030517578,36.220001220703125,36.849998474121094,23.6256103515625,4289400
2010-11-03,36.439998626708984,36.45000076293945,35.59000015258789,35.869998931884766,23.345754623413086,4532100
2010-11-04,36.22999954223633,36.25,35.779998779296875,35.95000076293945,23.39781951904297,5226700
2010-11-05,36.08000183105469,36.099998474121094,35.86000061035156,35.88999938964844,23.3587646484375,3460700
2010-11-08,35.720001220703125,36.09000015258789,35.720001220703125,36.04999923706055,23.462902069091797,2944500
2010-11-09,36.15999984741211,36.68000030517578,35.9900016784668,36.130001068115234,23.514965057373047,3178000
2010-11-10,36.27000045776367,36.27000045776367,35.5,35.65999984741211,23.20907974243164,3356800
2010-11-11,35.47999954223633,35.81999969482422,35.47999954223633,35.70000076293945,23.235103607177734,3163300
2010-11-12,35.630001068115234,35.65999984741211,35.18000030517578,35.369998931884766,23.02033042907715,2521000
2010-11-15,35.619998931884766,35.81999969482422,35.4900016784668,35.4900016784668,23.098432540893555,2393100
2010-11-16,35.439998626708984,35.459999084472656,35.0,35.16999816894531,22.89017105102539,3619900
2010-11-17,35.29999923706055,35.77000045776367,35.279998779296875,35.70000076293945,23.235103607177734,3006100
2010-11-18,36.11000061035156,36.119998931884766,35.75,36.029998779296875,23.449880599975586,2846200
2010-11-19,35.939998626708984,36.25,35.58000183105469,36.25,23.593069076538086,3270700
2010-11-22,36.0099983215332,36.06999969482422,35.529998779296875,35.95000076293945,23.39781951904297,2870900
2010-11-23,35.81999969482422,35.81999969482422,35.290000915527344,35.400001525878906,23.039852142333984,3134300
2010-11-24,35.599998474121094,35.7400016784668,35.150001525878906,35.349998474121094,23.007314682006836,3457300
2010-11-26,35.2400016784668,35.61000061035156,35.119998931884766,35.22999954223633,22.929208755493164,1241300
2010-11-29,35.18000030517578,35.439998626708984,35.02000045776367,35.36000061035156,23.013824462890625,2158600
2010-11-30,35.22999954223633,35.529998779296875,35.09000015258789,35.11000061035156,22.851112365722656,3678000
2010-12-01,35.560001373291016,35.630001068115234,35.150001525878906,35.20000076293945,22.909687042236328,3319000
2010-12-02,35.29999923706055,35.709999084472656,35.11000061035156,35.65999984741211,23.20907974243164,3497900
2010-12-03,35.540000915527344,35.84000015258789,35.369998931884766,35.630001068115234,23.189552307128906,6350400
2010-12-06,35.650001525878906,35.720001220703125,35.45000076293945,35.45000076293945,23.072397232055664,2304300
2010-12-07,35.599998474121094,36.15999984741211,35.540000915527344,35.560001373291016,23.14398956298828,3659200
2010-12-08,35.65999984741211,35.810001373291016,35.560001373291016,35.650001525878906,23.20256233215332,3172200
2010-12-09,35.709999084472656,35.81999969482422,35.54999923706055,35.599998474121094,23.17001724243164,2519800
2010-12-10,35.70000076293945,35.77000045776367,35.54999923706055,35.650001525878906,23.20256233215332,2371000
2010-12-13,35.79999923706055,35.880001068115234,35.65999984741211,35.72999954223633,23.2546329498291,3881000
2010-12-14,35.880001068115234,36.18000030517578,35.7599983215332,36.0099983215332,23.436870574951172,4330300
2010-12-15,36.0,36.099998474121094,35.619998931884766,35.84000015258789,23.32623291015625,3701800
2010-12-16,35.83000183105469,36.02000045776367,35.630001068115234,36.02000045776367,23.443378448486328,4607400
2010-12-17,35.97999954223633,36.310001373291016,35.86000061035156,36.279998779296875,23.612600326538086,4119700
2010-12-20,36.41999816894531,36.70000076293945,36.29999923706055,36.5,23.755786895751953,2707000
2010-12-21,36.599998474121094,36.779998779296875,36.47999954223633,36.630001068115234,23.840394973754883,2734200
2010-12-22,36.66999816894531,36.90999984741211,36.540000915527344,36.86000061035156,23.99009132385254,2258100
2010-12-23,36.869998931884766,37.189998626708984,36.7599983215332,37.040000915527344,24.107234954833984,1854200
2010-12-27,36.970001220703125,37.31999969482422,36.79999923706055,37.25,24.24390983581543,1611600
2010-12-28,37.27000045776367,37.47999954223633,37.119998931884766,37.369998931884766,24.3220157623291,1804700
2010-12-29,37.47999954223633,37.4900016784668,37.279998779296875,37.29999923706055,24.276456832885742,1468500
2010-12-30,37.27000045776367,37.349998474121094,37.060001373291016,37.25,24.24390983581543,1508200
2010-12-31,37.20000076293945,37.279998779296875,37.0,37.02000045776367,24.09421730041504,2019700
2011-01-03,37.2599983215332,37.81999969482422,37.13999938964844,37.65999984741211,24.510759353637695,2439200
2011-01-04,37.66999816894531,37.97999954223633,37.209999084472656,37.88999938964844,24.66044807434082,2582900
2011-01-05,37.77000045776367,38.119998931884766,37.65999984741211,38.02000045776367,24.745067596435547,2783800
2011-01-06,37.939998626708984,38.15999984741211,37.65999984741211,38.15999984741211,24.8361873626709,6964600
2011-01-07,38.18000030517578,38.439998626708984,37.95000076293945,38.25,24.894758224487305,6933800
2011-01-10,38.099998474121094,38.2599983215332,37.849998474121094,38.25,24.894758224487305,8646300
2011-01-11,38.34000015258789,38.34000015258789,37.91999816894531,38.06999969482422,24.77760887145996,3661600
2011-01-12,38.25,38.52000045776367,38.18000030517578,38.279998779296875,24.91428565979004,2764800
2011-01-13,38.279998779296875,38.470001220703125,38.15999984741211,38.36000061035156,24.966350555419922,4186500
2011-01-14,38.2599983215332,38.619998931884766,38.16999816894531,38.599998474121094,25.122554779052734,1917000
2011-01-18,38.470001220703125,38.88999938964844,38.349998474121094,38.7599983215332,25.226694107055664,2519600
2011-01-19,38.689998626708984,38.900001525878906,38.66999816894531,38.81999969482422,25.265737533569336,2420800
2011-01-20,38.83000183105469,39.45000076293945,38.83000183105469,39.400001525878906,25.643232345581055,4235500
2011-01-21,39.459999084472656,39.63999938964844,39.29999923706055,39.56999969482422,25.753877639770508,2848900
2011-01-24,39.5,39.810001373291016,39.38999938964844,39.43000030517578,25.662752151489258,2566800
2011-01-25,39.41999816894531,39.439998626708984,38.720001220703125,38.97999954223633,25.369869232177734,3628400
2011-01-26,39.099998474121094,39.279998779296875,38.630001068115234,38.93000030517578,25.33733367919922,4629700
2011-01-27,38.9900016784668,39.599998474121094,38.849998474121094,39.4900016784668,25.701810836791992,3143800
2011-01-28,39.52000045776367,39.93000030517578,38.77000045776367,38.77000045776367,25.23319435119629,2836700
2011-01-31,38.869998931884766,39.25,38.83000183105469,39.119998931884766,25.460994720458984,3309700
2011-02-01,39.310001373291016,39.83000183105469,39.16999816894531,39.7400016784668,25.864521026611328,9415500
2011-02-02,39.56999969482422,40.79999923706055,39.56999969482422,40.619998931884766,26.437255859375,5828000
2011-02-03,40.22999954223633,40.45000076293945,39.529998779296875,40.099998474121094,26.457042694091797,10156500
2011-02-04,40.20000076293945,40.20000076293945,39.45000076293945,39.630001068115234,26.14695930480957,4147800
2011-02-07,39.709999084472656,40.0,39.599998474121094,39.91999816894531,26.33829116821289,1921000
2011-02-08,39.95000076293945,39.97999954223633,39.720001220703125,39.93000030517578,26.34488296508789,1354500
2011-02-09,39.77000045776367,39.95000076293945,39.63999938964844,39.93000030517578,26.34488296508789,2817700
2011-02-10,39.790000915527344,40.31999969482422,39.66999816894531,40.29999923706055,26.589012145996094,3231600
2011-02-11,40.18000030517578,40.2599983215332,39.56999969482422,39.7400016784668,26.21953582763672,3847400
2011-02-14,39.810001373291016,39.880001068115234,38.849998474121094,38.9900016784668,25.724702835083008,3401000
2011-02-15,39.02000045776367,39.470001220703125,38.779998779296875,39.20000076293945,25.863256454467773,2327400
2011-02-16,38.75,39.20000076293945,38.04999923706055,38.41999816894531,25.348628997802734,5245600
2011-02-17,38.38999938964844,38.47999954223633,38.04999923706055,38.27000045776367,25.249666213989258,3709800
2011-02-18,38.2599983215332,38.310001373291016,37.779998779296875,37.900001525878906,25.005538940429688,3591800
2011-02-22,37.59000015258789,38.630001068115234,37.59000015258789,38.209999084472656,25.210071563720703,4166700
2011-02-23,38.22999954223633,38.5099983215332,38.0,38.06999969482422,25.117706298828125,3157600
2011-02-24,38.15999984741211,38.540000915527344,37.75,38.15999984741211,25.177087783813477,4568200
2011-02-25,38.349998474121094,38.43000030517578,37.75,37.75,24.906572341918945,6562600
2011-02-28,37.75,38.630001068115234,37.45000076293945,38.29999923706055,25.626184463500977,4062900
2011-03-01,38.369998931884766,38.38999938964844,37.560001373291016,37.56999969482422,25.153841018676758,4104800
2011-03-02,37.470001220703125,37.529998779296875,37.029998779296875,37.31999969482422,24.98645782470703,4038300
2011-03-03,37.619998931884766,37.7400016784668,36.7400016784668,37.11000061035156,24.845857620239258,7635800
2011-03-04,37.11000061035156,37.119998931884766,36.470001220703125,37.0099983215332,24.778911590576172,5844000
2011-03-07,37.029998779296875,37.56999969482422,37.029998779296875,37.27000045776367,24.952978134155273,3072500
2011-03-08,37.33000183105469,37.709999084472656,37.27000045776367,37.4900016784668,25.10027503967285,2654700
2011-03-09,37.560001373291016,38.790000915527344,37.52000045776367,38.66999816894531,25.890310287475586,5882200
2011-03-10,38.369998931884766,39.099998474121094,38.27000045776367,38.31999969482422,25.655977249145508,3786400
2011-03-11,38.119998931884766,38.68000030517578,38.119998931884766,38.45000076293945,25.74302101135254,3317800
2011-03-14,38.15999984741211,38.540000915527344,37.790000915527344,38.31999969482422,25.655977249145508,3357200
2011-03-15,37.63999938964844,37.90999984741211,37.220001220703125,37.22999954223633,24.926198959350586,4395200
2011-03-16,37.22999954223633,37.369998931884766,36.33000183105469,36.59000015258789,24.497711181640625,5191900
2011-03-17,37.0099983215332,37.02000045776367,36.11000061035156,36.560001373291016,24.47762680053711,4387400
2011-03-18,36.86000061035156,37.02000045776367,36.40999984741211,36.52000045776367,24.450843811035156,4065400
2011-03-21,36.88999938964844,37.060001373291016,36.58000183105469,36.790000915527344,24.631616592407227,3499300
2011-03-22,36.81999969482422,37.04999923706055,36.52000045776367,36.810001373291016,24.645008087158203,4174200
2011-03-23,36.7400016784668,36.86000061035156,36.560001373291016,36.709999084472656,24.578048706054688,2248500
2011-03-24,36.83000183105469,36.95000076293945,36.5099983215332,36.58000183105469,24.491018295288086,2785600
2011-03-25,36.66999816894531,36.70000076293945,36.470001220703125,36.540000915527344,24.4642333984375,3109000
2011-03-28,36.65999984741211,36.70000076293945,36.25,36.25,24.27007293701172,3564500
2011-03-29,36.29999923706055,36.56999969482422,36.16999816894531,36.45000076293945,24.40398406982422,3659800
2011-03-30,36.630001068115234,37.38999938964844,36.599998474121094,37.119998931884766,24.852550506591797,3396700
2011-03-31,37.119998931884766,37.209999084472656,36.75,37.09000015258789,24.832473754882812,2503100
2011-04-01,37.189998626708984,37.439998626708984,37.08000183105469,37.25,24.939590454101562,1951900
2011-04-04,37.2599983215332,37.36000061035156,36.880001068115234,37.11000061035156,24.845857620239258,1952000
2011-04-05,37.02000045776367,37.119998931884766,36.7400016784668,36.77000045776367,24.618223190307617,1898200
2011-04-06,36.81999969482422,37.33000183105469,36.720001220703125,37.279998779296875,24.95967674255371,2363800
2011-04-07,37.18000030517578,37.18000030517578,36.849998474121094,37.15999984741211,24.87933349609375,2032100
2011-04-08,37.130001068115234,37.2400016784668,36.88999938964844,37.130001068115234,24.859249114990234,2042000
2011-04-11,37.130001068115234,37.18000030517578,36.56999969482422,36.7599983215332,24.61152458190918,4522600
2011-04-12,36.58000183105469,37.04999923706055,36.5,37.0,24.7722110748291,3890200
2011-04-13,37.189998626708984,37.75,37.04999923706055,37.720001220703125,25.25426483154297,4420500
2011-04-14,37.68000030517578,38.20000076293945,37.56999969482422,38.11000061035156,25.515380859375,3858100
2011-04-15,38.369998931884766,38.779998779296875,38.34000015258789,38.400001525878906,25.70954132080078,3296500
2011-04-18,38.0,38.5,37.900001525878906,38.119998931884766,25.522075653076172,2084000
2011-04-19,38.150001525878906,38.75,38.099998474121094,38.52000045776367,25.78988265991211,3012400
2011-04-20,38.70000076293945,39.08000183105469,38.58000183105469,38.88999938964844,26.037607192993164,2384400
2011-04-21,39.0,39.189998626708984,38.79999923706055,38.880001068115234,26.030902862548828,1361600
2011-04-25,38.81999969482422,39.04999923706055,38.709999084472656,38.709999084472656,25.91709327697754,2543500
2011-04-26,38.9900016784668,39.5,38.91999816894531,39.380001068115234,26.365673065185547,2900000
2011-04-27,39.400001525878906,39.72999954223633,39.20000076293945,39.61000061035156,26.519655227661133,2150200
2011-04-28,39.61000061035156,39.88999938964844,39.380001068115234,39.810001373291016,26.653564453125,1885700
2011-04-29,39.810001373291016,40.040000915527344,39.52000045776367,39.959999084472656,26.753990173339844,3062500
2011-05-02,40.099998474121094,40.150001525878906,39.540000915527344,39.619998931884766,26.52635955810547,4504200
2011-05-03,41.5,42.099998474121094,40.79999923706055,42.02000045776367,28.133193969726562,8954200
2011-05-04,41.61000061035156,42.130001068115234,41.36000061035156,41.849998474121094,28.39098358154297,5178400
2011-05-05,41.59000015258789,41.70000076293945,41.099998474121094,41.2400016784668,27.977174758911133,3981400
2011-05-06,41.52000045776367,41.95000076293945,41.40999984741211,41.58000183105469,28.207822799682617,3174300
2011-05-09,41.619998931884766,41.75,41.20000076293945,41.58000183105469,28.207822799682617,2537600
2011-05-10,42.02000045776367,43.36000061035156,42.02000045776367,42.81999969482422,29.04903793334961,8564400
2011-05-11,42.779998779296875,42.79999923706055,42.290000915527344,42.61000061035156,28.90657615661621,3377100
2011-05-12,42.5,43.61000061035156,42.5,43.560001373291016,29.55105209350586,4687900
2011-05-13,43.439998626708984,43.54999923706055,42.45000076293945,42.529998779296875,28.852296829223633,6163600
2011-05-16,44.70000076293945,45.79999923706055,44.349998474121094,44.47999954223633,30.17518424987793,9940000
2011-05-17,44.2599983215332,45.630001068115234,44.22999954223633,45.540000915527344,30.894285202026367,6432900
2011-05-18,45.41999816894531,45.47999954223633,44.439998626708984,44.869998931884766,30.439754486083984,4703200
2011-05-19,44.86000061035156,45.0,44.630001068115234,44.79999923706055,30.392282485961914,3419500
2011-05-20,44.75,44.93000030517578,44.47999954223633,44.7599983215332,30.365116119384766,3501000
2011-05-23,44.36000061035156,44.7400016784668,43.86000061035156,43.97999954223633,29.835981369018555,3444500
2011-05-24,44.189998626708984,44.83000183105469,43.9900016784668,44.439998626708984,30.148038864135742,2276000
2011-05-25,44.040000915527344,44.900001525878906,43.88999938964844,44.56999969482422,30.236242294311523,3156100
2011-05-26,44.400001525878906,44.40999984741211,43.779998779296875,44.290000915527344,30.046287536621094,2479000
2011-05-27,44.459999084472656,44.88999938964844,44.22999954223633,44.349998474121094,30.08698844909668,1654600
2011-05-31,44.56999969482422,44.75,44.29999923706055,44.619998931884766,30.27016258239746,2429200
2011-06-01,44.540000915527344,44.560001373291016,44.0,44.0,29.84954833984375,2890500
2011-06-02,44.11000061035156,44.119998931884766,43.529998779296875,43.72999954223633,29.666378021240234,3100400
2011-06-03,43.45000076293945,43.7599983215332,42.93000030517578,43.66999816894531,29.625669479370117,5242800
2011-06-06,43.540000915527344,43.630001068115234,43.119998931884766,43.33000183105469,29.3950138092041,1864000
2011-06-07,43.47999954223633,43.900001525878906,43.349998474121094,43.36000061035156,29.41537094116211,1986900
2011-06-08,43.439998626708984,43.61000061035156,43.029998779296875,43.349998474121094,29.408592224121094,3054600
2011-06-09,43.439998626708984,43.939998626708984,43.13999938964844,43.75,29.679950714111328,2330600
2011-06-10,43.5099983215332,43.540000915527344,43.09000015258789,43.209999084472656,29.3136043548584,2262600
2011-06-13,43.36000061035156,43.380001068115234,42.900001525878906,42.95000076293945,29.137229919433594,2700800
2011-06-14,44.189998626708984,44.189998626708984,43.59000015258789,43.79999923706055,29.713865280151367,3189900
2011-06-15,43.5,43.810001373291016,42.72999954223633,43.02000045776367,29.184717178344727,2894400
2011-06-16,43.02000045776367,43.77000045776367,43.02000045776367,43.40999984741211,29.44929313659668,2532000
2011-06-17,43.70000076293945,44.13999938964844,43.540000915527344,43.7400016784668,29.673171997070312,3104300
2011-06-20,43.709999084472656,44.16999816894531,43.45000076293945,44.15999984741211,29.958086013793945,2006700
2011-06-21,44.27000045776367,44.7400016784668,43.970001220703125,44.209999084472656,29.99201202392578,6006600
2011-06-22,44.08000183105469,44.349998474121094,43.7400016784668,43.900001525878906,29.781709671020508,1961800
2011-06-23,43.529998779296875,43.619998931884766,42.81999969482422,43.29999923706055,29.374670028686523,2474100
2011-06-24,43.310001373291016,43.599998474121094,42.849998474121094,43.04999923706055,29.2050724029541,5956900
2011-06-27,43.11000061035156,43.560001373291016,43.08000183105469,43.25,29.34075164794922,1709400
2011-06-28,43.33000183105469,43.540000915527344,43.130001068115234,43.47999954223633,29.496774673461914,1835200
2011-06-29,43.560001373291016,44.08000183105469,43.400001525878906,43.95000076293945,29.815629959106445,2134700
2011-06-30,43.97999954223633,44.25,43.65999984741211,44.150001525878906,29.95130157470703,1709800
2011-07-01,44.0099983215332,44.689998626708984,43.86000061035156,44.630001068115234,30.27693748474121,1893700
2011-07-05,44.41999816894531,44.41999816894531,43.880001068115234,44.09000015258789,29.910602569580078,1974800
2011-07-06,44.060001373291016,44.369998931884766,43.88999938964844,44.18000030517578,29.971660614013672,1371000
2011-07-07,44.439998626708984,44.790000915527344,44.27000045776367,44.65999984741211,30.297292709350586,1916900
2011-07-08,44.38999938964844,44.66999816894531,44.189998626708984,44.63999938964844,30.283721923828125,1757400
2011-07-11,44.20000076293945,44.27000045776367,43.84000015258789,44.08000183105469,29.903820037841797,1763400
2011-07-12,43.90999984741211,44.349998474121094,43.81999969482422,43.900001525878906,29.781709671020508,2817600
2011-07-13,44.11000061035156,44.25,43.650001525878906,43.72999954223633,29.666378021240234,1945700
2011-07-14,43.72999954223633,43.90999984741211,43.31999969482422,43.380001068115234,29.428943634033203,2147300
2011-07-15,43.4900016784668,43.56999969482422,43.02000045776367,43.279998779296875,29.361101150512695,2690200
2011-07-18,43.099998474121094,43.25,42.779998779296875,42.880001068115234,29.08974266052246,1667200
2011-07-19,42.91999816894531,43.18000030517578,42.560001373291016,43.09000015258789,29.232196807861328,1753500
2011-07-20,43.25,43.709999084472656,43.029998779296875,43.43000030517578,29.462854385375977,1398000
2011-07-21,44.189998626708984,44.68000030517578,44.0099983215332,44.529998779296875,30.209091186523438,2466600
2011-07-22,44.459999084472656,44.47999954223633,44.130001068115234,44.36000061035156,30.093759536743164,1710700
2011-07-25,44.529998779296875,45.4900016784668,44.40999984741211,45.34000015258789,30.75861167907715,3856100
2011-07-26,45.369998931884766,45.5,45.040000915527344,45.349998474121094,30.765380859375,2053400
2011-07-27,45.130001068115234,45.459999084472656,44.97999954223633,45.130001068115234,30.616132736206055,2332100
2011-07-28,45.150001525878906,45.209999084472656,44.7599983215332,44.900001525878906,30.460105895996094,8322200
2011-07-29,44.619998931884766,45.16999816894531,44.36000061035156,44.650001525878906,30.290504455566406,8518400
2011-08-01,44.849998474121094,45.02000045776367,44.59000015258789,44.83000183105469,30.412622451782227,6562000
2011-08-02,44.75,44.939998626708984,44.119998931884766,44.119998931884766,29.930950164794922,5802700
2011-08-03,43.40999984741211,43.61000061035156,42.83000183105469,43.470001220703125,29.862262725830078,3173400
2011-08-04,42.9900016784668,43.31999969482422,41.2400016784668,41.29999923706055,28.37155532836914,4536400
2011-08-05,41.529998779296875,41.59000015258789,40.209999084472656,41.36000061035156,28.412765502929688,5748200
2011-08-08,40.540000915527344,40.90999984741211,38.97999954223633,39.189998626708984,26.922056198120117,8862400
2011-08-09,39.61000061035156,40.88999938964844,38.77000045776367,40.83000183105469,28.048683166503906,6319100
2011-08-10,40.2400016784668,40.95000076293945,39.56999969482422,39.689998626708984,27.265539169311523,5418100
2011-08-11,39.9900016784668,42.29999923706055,39.90999984741211,41.810001373291016,28.721908569335938,3880100
2011-08-12,41.880001068115234,42.33000183105469,41.04999923706055,41.310001373291016,28.37841796875,3092700
2011-08-15,41.56999969482422,42.79999923706055,41.45000076293945,42.77000045776367,29.38138771057129,3515500
2011-08-16,42.279998779296875,42.7599983215332,42.16999816894531,42.560001373291016,29.237125396728516,2479900
2011-08-17,42.68000030517578,43.45000076293945,42.65999984741211,43.060001373291016,29.580602645874023,2146700
2011-08-18,42.15999984741211,42.459999084472656,41.65999984741211,42.13999938964844,28.94860076904297,3370500
2011-08-19,41.790000915527344,42.20000076293945,41.40999984741211,41.75,28.680683135986328,3249300
2011-08-22,42.31999969482422,42.470001220703125,41.189998626708984,41.349998474121094,28.40589714050293,3018200
2011-08-23,41.540000915527344,42.540000915527344,41.13999938964844,42.529998779296875,29.216510772705078,3497700
2011-08-24,43.0099983215332,43.75,42.61000061035156,43.529998779296875,29.903478622436523,3508600
2011-08-25,43.72999954223633,43.72999954223633,42.5099983215332,42.72999954223633,29.353918075561523,2566800
2011-08-26,42.439998626708984,42.79999923706055,41.470001220703125,42.529998779296875,29.216510772705078,2133200
2011-08-29,43.029998779296875,43.650001525878906,42.939998626708984,43.58000183105469,29.937824249267578,2700400
2011-08-30,43.310001373291016,44.04999923706055,43.310001373291016,43.849998474121094,30.123300552368164,2990700
2011-08-31,44.0099983215332,44.310001373291016,43.970001220703125,44.25,30.398088455200195,4045700
2011-09-01,44.27000045776367,44.459999084472656,43.880001068115234,43.93000030517578,30.17826271057129,2738700
2011-09-02,43.380001068115234,43.56999969482422,42.97999954223633,43.02000045776367,29.55312728881836,1846600
2011-09-06,42.119998931884766,42.939998626708984,41.720001220703125,42.90999984741211,29.47756004333496,2452300
2011-09-07,43.40999984741211,43.7599983215332,43.119998931884766,43.5,29.882869720458984,3473400
2011-09-08,43.279998779296875,44.29999923706055,43.2599983215332,43.970001220703125,30.20574951171875,2297400
2011-09-09,43.540000915527344,43.540000915527344,42.4900016784668,42.709999084472656,29.340177536010742,2996300
2011-09-12,42.2400016784668,43.220001220703125,42.22999954223633,43.220001220703125,29.690515518188477,2366900
2011-09-13,43.31999969482422,43.619998931884766,42.79999923706055,43.540000915527344,29.91036033630371,1835000
2011-09-14,43.58000183105469,44.47999954223633,43.2400016784668,44.11000061035156,30.301916122436523,2067100
2011-09-15,44.41999816894531,44.95000076293945,44.220001220703125,44.79999923706055,30.77593421936035,1518000
2011-09-16,45.060001373291016,45.47999954223633,44.75,45.43000030517578,31.208709716796875,2887700
2011-09-19,44.779998779296875,45.06999969482422,44.459999084472656,44.93000030517578,30.865224838256836,1814700
2011-09-20,45.09000015258789,46.5099983215332,44.88999938964844,46.02000045776367,31.6140079498291,2731200
2011-09-21,45.900001525878906,46.33000183105469,45.29999923706055,45.31999969482422,31.13314437866211,2504900
2011-09-22,44.33000183105469,44.650001525878906,43.86000061035156,44.47999954223633,30.55609703063965,3570700
2011-09-23,43.91999816894531,45.38999938964844,43.91999816894531,45.119998931884766,30.995746612548828,2840200
2011-09-26,45.41999816894531,45.5,44.79999923706055,45.34000015258789,31.14688491821289,2223000
2011-09-27,45.7400016784668,45.95000076293945,44.88999938964844,45.099998474121094,30.98201560974121,2857400
2011-09-28,45.16999816894531,45.560001373291016,44.650001525878906,44.79999923706055,30.77593421936035,2447000
2011-09-29,45.540000915527344,45.54999923706055,44.86000061035156,45.40999984741211,31.194974899291992,5052800
2011-09-30,45.16999816894531,45.560001373291016,44.900001525878906,44.90999984741211,30.851478576660156,2783200
2011-10-03,44.56999969482422,45.310001373291016,43.439998626708984,43.61000061035156,29.95843505859375,3039500
2011-10-04,43.29999923706055,43.689998626708984,42.25,43.619998931884766,29.965299606323242,3303900
2011-10-05,43.869998931884766,44.0099983215332,42.79999923706055,43.400001525878906,29.81417465209961,3242800
2011-10-06,43.290000915527344,43.709999084472656,42.91999816894531,43.689998626708984,30.013391494750977,3252400
2011-10-07,43.90999984741211,44.689998626708984,43.810001373291016,44.290000915527344,30.425569534301758,2666600
2011-10-10,44.88999938964844,45.349998474121094,44.72999954223633,45.33000183105469,31.1400089263916,1578500
2011-10-11,45.220001220703125,45.2400016784668,44.61000061035156,44.88999938964844,30.837751388549805,2153400
2011-10-12,44.9900016784668,45.43000030517578,44.65999984741211,45.040000915527344,30.9407901763916,1632100
2011-10-13,44.709999084472656,44.720001220703125,42.77000045776367,43.7599983215332,30.06147003173828,6971000
2011-10-14,44.06999969482422,44.4900016784668,43.83000183105469,44.29999923706055,30.43242835998535,2316800
2011-10-17,44.279998779296875,44.56999969482422,43.959999084472656,44.08000183105469,30.281309127807617,1907500
2011-10-18,44.150001525878906,44.5,43.63999938964844,44.310001373291016,30.439311981201172,2079400
2011-10-19,44.279998779296875,45.310001373291016,44.27000045776367,45.060001373291016,30.954530715942383,3480900
2011-10-20,45.130001068115234,45.40999984741211,44.7400016784668,45.060001373291016,30.954530715942383,9336700
2011-10-21,45.29999923706055,45.900001525878906,45.2599983215332,45.86000061035156,31.504100799560547,10210500
2011-10-24,45.7599983215332,45.959999084472656,45.400001525878906,45.58000183105469,31.31175422668457,9958400
2011-10-25,45.369998931884766,45.54999923706055,44.880001068115234,44.91999816894531,30.858356475830078,2240900
2011-10-26,45.40999984741211,45.56999969482422,44.54999923706055,44.650001525878906,30.672870635986328,3203900
2011-10-27,45.56999969482422,45.959999084472656,45.349998474121094,45.619998931884766,31.33922576904297,3153900
2011-10-28,45.540000915527344,45.540000915527344,44.720001220703125,45.40999984741211,31.194974899291992,3273700
2011-10-31,44.90999984741211,45.72999954223633,44.869998931884766,44.959999084472656,30.88582992553711,2976400
2011-11-01,44.400001525878906,45.400001525878906,44.0,44.970001220703125,30.8927059173584,3663900
2011-11-02,45.540000915527344,46.099998474121094,45.41999816894531,45.77000045776367,31.442264556884766,3891600
2011-11-03,45.06999969482422,45.939998626708984,44.95000076293945,45.7599983215332,31.817733764648438,2984000
2011-11-04,45.58000183105469,45.720001220703125,44.709999084472656,45.5099983215332,31.643918991088867,2314500
2011-11-07,45.540000915527344,45.70000076293945,45.08000183105469,45.66999816894531,31.75516128540039,1404700
2011-11-08,45.630001068115234,46.0,45.16999816894531,46.0,31.984622955322266,2032900
2011-11-09,45.439998626708984,45.459999084472656,44.619998931884766,44.7400016784668,31.1085205078125,2242400
2011-11-10,45.41999816894531,45.41999816894531,44.630001068115234,44.75,31.1154727935791,2472100
2011-11-11,45.0099983215332,45.52000045776367,45.0099983215332,45.45000076293945,31.602197647094727,1684100
2011-11-14,45.22999954223633,45.27000045776367,44.68000030517578,44.720001220703125,31.094627380371094,4722100
2011-11-15,44.720001220703125,45.630001068115234,44.709999084472656,45.5099983215332,31.643918991088867,2193200
2011-11-16,44.939998626708984,45.29999923706055,44.709999084472656,44.7599983215332,31.122417449951172,2563800
2011-11-17,44.7599983215332,44.810001373291016,43.68000030517578,43.869998931884766,30.50359535217285,3583200
2011-11-18,44.20000076293945,44.56999969482422,44.060001373291016,44.279998779296875,30.788671493530273,2162600
2011-11-21,43.93000030517578,43.93000030517578,43.369998931884766,43.540000915527344,30.27414321899414,2448500
2011-11-22,43.5099983215332,43.560001373291016,42.65999984741211,42.689998626708984,29.683124542236328,2623900
2011-11-23,42.45000076293945,42.45000076293945,41.54999923706055,41.86000061035156,29.10600471496582,2612500
2011-11-25,41.84000015258789,42.20000076293945,41.79999923706055,41.939998626708984,29.161632537841797,897100
2011-11-28,42.83000183105469,43.13999938964844,42.5099983215332,42.75,29.724836349487305,2717600
2011-11-29,42.83000183105469,43.310001373291016,42.81999969482422,43.2400016784668,30.065540313720703,2247600
2011-11-30,44.5099983215332,44.79999923706055,44.0,44.470001220703125,30.92079734802246,3581300
2011-12-01,44.5,44.880001068115234,44.16999816894531,44.689998626708984,31.07375717163086,2046200
2011-12-02,45.0,45.040000915527344,44.25,44.290000915527344,30.795631408691406,2783900
2011-12-05,44.7599983215332,45.2400016784668,44.34000015258789,44.630001068115234,31.03203582763672,1854200
2011-12-06,44.83000183105469,45.2400016784668,44.7400016784668,45.040000915527344,31.31711196899414,1653400
2011-12-07,45.0,45.369998931884766,44.779998779296875,45.209999084472656,31.435317993164062,2093900
2011-12-08,45.13999938964844,45.25,44.31999969482422,44.40999984741211,30.879066467285156,2196700
2011-12-09,44.54999923706055,44.84000015258789,44.16999816894531,44.77000045776367,31.129384994506836,1854500
2011-12-12,44.599998474121094,44.709999084472656,43.7599983215332,44.15999984741211,30.705244064331055,2058500
2011-12-13,44.349998474121094,44.810001373291016,44.150001525878906,44.4900016784668,30.934694290161133,2442600
2011-12-14,44.470001220703125,44.560001373291016,43.849998474121094,43.91999816894531,30.538349151611328,2418400
2011-12-15,44.20000076293945,44.5099983215332,43.97999954223633,44.310001373291016,30.809532165527344,1990100
2011-12-16,44.400001525878906,44.4900016784668,43.310001373291016,43.43000030517578,30.197650909423828,6010500
2011-12-19,43.66999816894531,43.869998931884766,42.34000015258789,42.47999954223633,29.53710174560547,3526900
2011-12-20,42.97999954223633,43.45000076293945,42.84000015258789,43.369998931884766,30.15593910217285,2861600
2011-12-21,43.5099983215332,44.43000030517578,43.459999084472656,44.310001373291016,30.809532165527344,2812000
2011-12-22,44.5,44.5,44.119998931884766,44.290000915527344,30.795631408691406,1585200
2011-12-23,44.5099983215332,44.779998779296875,44.34000015258789,44.380001068115234,30.858200073242188,1794600
2011-12-27,44.40999984741211,44.95000076293945,44.380001068115234,44.83000183105469,31.171091079711914,1269300
2011-12-28,44.869998931884766,45.0,44.70000076293945,44.7599983215332,31.122417449951172,1639100
2011-12-29,44.83000183105469,45.15999984741211,44.790000915527344,45.130001068115234,31.37969207763672,1387800
2011-12-30,45.0,45.09000015258789,44.27000045776367,44.29999923706055,30.80257225036621,1676700
2012-01-03,44.66999816894531,44.7400016784668,42.52000045776367,42.810001373291016,29.766559600830078,5298900
2012-01-04,42.77000045776367,42.77000045776367,41.959999084472656,42.189998626708984,29.335468292236328,4496500
2012-01-05,42.150001525878906,42.2599983215332,41.90999984741211,42.060001373291016,29.245071411132812,3784800
2012-01-06,42.16999816894531,42.290000915527344,41.9900016784668,42.209999084472656,29.349361419677734,2628600
2012-01-09,42.31999969482422,42.5099983215332,42.04999923706055,42.400001525878906,29.48147964477539,5642400
2012-01-10,42.47999954223633,42.66999816894531,42.25,42.380001068115234,29.467565536499023,2895500
2012-01-11,42.18000030517578,42.29999923706055,42.0,42.0,29.203346252441406,2572900
2012-01-12,42.15999984741211,42.290000915527344,41.91999816894531,42.20000076293945,29.342418670654297,2506200
2012-01-13,42.040000915527344,42.18000030517578,41.810001373291016,42.16999816894531,29.321556091308594,3131300
2012-01-17,42.4900016784668,42.65999984741211,41.90999984741211,41.9900016784668,29.196407318115234,3281900
2012-01-18,42.02000045776367,42.119998931884766,41.70000076293945,41.970001220703125,29.1824893951416,3108700
2012-01-19,42.0,42.04999923706055,41.08000183105469,41.13999938964844,28.60537338256836,3743100
2012-01-20,41.220001220703125,41.529998779296875,41.04999923706055,41.529998779296875,28.876548767089844,2494200
2012-01-23,41.619998931884766,42.27000045776367,41.58000183105469,42.0099983215332,29.210290908813477,4056100
2012-01-24,41.88999938964844,41.88999938964844,41.20000076293945,41.27000045776367,28.695770263671875,2932400
2012-01-25,41.040000915527344,42.150001525878906,40.369998931884766,42.130001068115234,29.29374122619629,5385800
2012-01-26,42.189998626708984,42.9900016784668,42.06999969482422,42.720001220703125,29.703977584838867,12737000
2012-01-27,42.720001220703125,42.7400016784668,41.79999923706055,42.2599983215332,29.38413429260254,10993100
2012-01-30,42.15999984741211,42.36000061035156,41.84000015258789,42.150001525878906,29.307653427124023,11144200
2012-01-31,42.38999938964844,42.38999938964844,41.75,42.220001220703125,29.35631561279297,3583600
2012-02-01,42.209999084472656,42.70000076293945,42.130001068115234,42.54999923706055,29.585773468017578,3943700
2012-02-02,43.75,45.130001068115234,43.52000045776367,43.95000076293945,30.55922508239746,9397600
2012-02-03,43.849998474121094,43.849998474121094,42.970001220703125,43.529998779296875,30.650754928588867,3838400
2012-02-06,43.400001525878906,43.47999954223633,43.060001373291016,43.25,30.453601837158203,2421500
2012-02-07,43.13999938964844,43.34000015258789,42.869998931884766,43.2400016784668,30.446557998657227,2313500
2012-02-08,43.25,43.40999984741211,42.5,42.939998626708984,30.235315322875977,2793500
2012-02-09,43.0,43.0,42.400001525878906,42.66999816894531,30.04520034790039,1872100
2012-02-10,42.54999923706055,42.720001220703125,42.20000076293945,42.650001525878906,30.031118392944336,2334000
2012-02-13,42.86000061035156,43.2599983215332,42.81999969482422,43.029998779296875,30.298686981201172,2204200
2012-02-14,42.88999938964844,43.16999816894531,42.75,43.15999984741211,30.390230178833008,1731600
2012-02-15,43.13999938964844,43.22999954223633,42.619998931884766,42.7599983215332,30.108583450317383,1614900
2012-02-16,42.880001068115234,43.779998779296875,42.880001068115234,43.529998779296875,30.650754928588867,2290000
2012-02-17,43.849998474121094,43.849998474121094,43.220001220703125,43.380001068115234,30.545141220092773,1929400
2012-02-21,43.400001525878906,43.689998626708984,43.2599983215332,43.400001525878906,30.55922508239746,2049300
2012-02-22,43.459999084472656,44.0099983215332,43.380001068115234,43.75,30.805665969848633,2098600
2012-02-23,43.810001373291016,44.279998779296875,43.709999084472656,44.0,30.981698989868164,2962600
2012-02-24,44.099998474121094,44.34000015258789,43.9900016784668,44.06999969482422,31.030990600585938,4741400
2012-02-27,44.0,44.15999984741211,43.72999954223633,43.83000183105469,30.861995697021484,2304000
2012-02-28,43.79999923706055,43.970001220703125,43.150001525878906,43.810001373291016,30.847915649414062,2722500
2012-02-29,43.61000061035156,44.56999969482422,43.61000061035156,44.290000915527344,31.185884475708008,4208900
2012-03-01,44.400001525878906,44.5099983215332,43.97999954223633,44.34000015258789,31.221101760864258,2991500
2012-03-02,44.400001525878906,44.650001525878906,44.150001525878906,44.47999954223633,31.319686889648438,1733200
2012-03-05,44.66999816894531,44.79999923706055,44.36000061035156,44.709999084472656,31.481626510620117,1872900
2012-03-06,44.380001068115234,44.75,44.06999969482422,44.709999084472656,31.481626510620117,2486800
2012-03-07,44.619998931884766,44.790000915527344,44.16999816894531,44.650001525878906,31.439380645751953,2815700
2012-03-08,44.77000045776367,44.779998779296875,44.33000183105469,44.459999084472656,31.30559539794922,2197600
2012-03-09,44.47999954223633,44.7599983215332,44.27000045776367,44.709999084472656,31.481626510620117,1598400
2012-03-12,44.599998474121094,45.150001525878906,44.52000045776367,45.119998931884766,31.77031707763672,1999200
2012-03-13,45.09000015258789,45.16999816894531,44.56999969482422,44.97999954223633,31.6717472076416,1921500
2012-03-14,45.060001373291016,45.09000015258789,44.34000015258789,44.4900016784668,31.326730728149414,2069600
2012-03-15,44.41999816894531,44.529998779296875,44.11000061035156,44.41999816894531,31.277423858642578,1530100
2012-03-16,44.400001525878906,44.63999938964844,44.209999084472656,44.5,31.333765029907227,2456700
2012-03-19,44.43000030517578,44.63999938964844,44.08000183105469,44.09000015258789,31.045074462890625,1978100
2012-03-20,43.95000076293945,44.33000183105469,43.790000915527344,44.20000076293945,31.12252426147461,1512800
2012-03-21,44.349998474121094,44.349998474121094,44.040000915527344,44.130001068115234,31.073238372802734,1321800
2012-03-22,44.0099983215332,44.689998626708984,44.0099983215332,44.619998931884766,31.418251037597656,2772400
2012-03-23,44.689998626708984,44.95000076293945,44.63999938964844,44.720001220703125,31.488676071166992,3695500
2012-03-26,44.90999984741211,45.189998626708984,44.689998626708984,45.060001373291016,31.72806739807129,2485100
2012-03-27,45.099998474121094,45.45000076293945,44.900001525878906,45.29999923706055,31.89706802368164,3156400
2012-03-28,45.36000061035156,45.560001373291016,44.849998474121094,45.119998931884766,31.77031707763672,3035400
2012-03-29,44.900001525878906,46.59000015258789,44.38999938964844,45.47999954223633,32.023807525634766,3733300
2012-03-30,45.599998474121094,45.79999923706055,45.40999984741211,45.59000015258789,32.101261138916016,2643100
2012-04-02,45.279998779296875,45.900001525878906,45.2599983215332,45.79999923706055,32.24912643432617,2396500
2012-04-03,45.869998931884766,45.95000076293945,45.45000076293945,45.790000915527344,32.24208450317383,2034500
2012-04-04,45.72999954223633,46.43000030517578,45.66999816894531,46.060001373291016,32.43220901489258,3245900
2012-04-05,45.880001068115234,46.040000915527344,45.689998626708984,45.959999084472656,32.36179733276367,3366800
2012-04-09,45.560001373291016,45.79999923706055,45.45000076293945,45.599998474121094,32.108306884765625,2933700
2012-04-10,45.54999923706055,45.54999923706055,44.63999938964844,44.91999816894531,31.629491806030273,3182800
2012-04-11,45.25,45.279998779296875,44.900001525878906,45.02000045776367,31.699913024902344,3112900
2012-04-12,45.0099983215332,45.209999084472656,44.689998626708984,45.20000076293945,31.826656341552734,2243900
2012-04-13,45.189998626708984,45.5,44.900001525878906,44.939998626708984,31.643571853637695,1949500
2012-04-16,45.31999969482422,45.68000030517578,44.91999816894531,45.41999816894531,31.9815616607666,5386500
2012-04-17,45.650001525878906,45.81999969482422,45.11000061035156,45.79999923706055,32.24912643432617,2086700
2012-04-18,45.619998931884766,45.9900016784668,45.439998626708984,45.7599983215332,32.2209587097168,1799200
2012-04-19,45.72999954223633,45.72999954223633,45.20000076293945,45.41999816894531,31.9815616607666,2474400
2012-04-20,45.40999984741211,46.0,45.380001068115234,45.75,32.21392822265625,2468100
2012-04-23,45.81999969482422,45.9900016784668,45.400001525878906,45.599998474121094,32.108306884765625,2601400
2012-04-24,45.58000183105469,46.029998779296875,45.58000183105469,45.93000030517578,32.340660095214844,2490200
2012-04-25,46.099998474121094,46.459999084472656,45.84000015258789,46.459999084472656,32.71385192871094,2972400
2012-04-26,46.31999969482422,46.880001068115234,46.25,46.75,32.91804885864258,9360900
2012-04-27,46.900001525878906,47.119998931884766,46.66999816894531,47.0099983215332,33.10112762451172,9012300
2012-04-30,46.86000061035156,47.0099983215332,46.720001220703125,46.81999969482422,32.96733856201172,7866100
2012-05-01,46.75,47.52000045776367,46.619998931884766,47.38999938964844,33.36869430541992,2851800
2012-05-02,47.36000061035156,47.52000045776367,47.04999923706055,47.15999984741211,33.20675277709961,2607600
2012-05-03,46.4900016784668,46.83000183105469,46.290000915527344,46.79999923706055,33.342105865478516,3514800
2012-05-04,46.79999923706055,47.150001525878906,46.650001525878906,46.970001220703125,33.463226318359375,3073500
2012-05-07,46.84000015258789,47.16999816894531,46.75,46.97999954223633,33.4703483581543,2815700
2012-05-08,46.790000915527344,47.11000061035156,46.61000061035156,47.040000915527344,33.513099670410156,2960100
2012-05-09,46.849998474121094,47.369998931884766,46.68000030517578,47.11000061035156,33.56296157836914,2922500
2012-05-10,47.33000183105469,47.7400016784668,47.20000076293945,47.599998474121094,33.91205596923828,3730800
2012-05-11,47.560001373291016,47.9900016784668,47.47999954223633,47.810001373291016,34.06166458129883,2435300
2012-05-14,47.599998474121094,47.97999954223633,47.56999969482422,47.90999984741211,34.1329231262207,2880900
2012-05-15,47.86000061035156,47.970001220703125,47.68000030517578,47.869998931884766,34.10442352294922,2832700
2012-05-16,47.900001525878906,47.95000076293945,47.630001068115234,47.810001373291016,34.06166458129883,3715500
2012-05-17,47.86000061035156,47.90999984741211,47.58000183105469,47.709999084472656,33.99043273925781,2571100
2012-05-18,47.77000045776367,47.93000030517578,47.63999938964844,47.79999923706055,34.05455017089844,4275900
2012-05-21,48.0,48.0,47.560001373291016,47.689998626708984,33.976173400878906,3099800
2012-05-22,47.75,48.16999816894531,47.63999938964844,47.70000076293945,33.98331069946289,3673900
2012-05-23,46.66999816894531,47.2599983215332,46.5,46.7599983215332,33.31360626220703,4000000
2012-05-24,46.810001373291016,47.400001525878906,46.720001220703125,47.16999816894531,33.605716705322266,4094400
2012-05-25,47.029998779296875,47.369998931884766,46.77000045776367,46.849998474121094,33.37773513793945,3770000
2012-05-29,46.9900016784668,47.040000915527344,46.63999938964844,46.810001373291016,33.349239349365234,2991900
2012-05-30,46.529998779296875,46.83000183105469,46.31999969482422,46.349998474121094,33.02151107788086,2832000
2012-05-31,46.45000076293945,47.0099983215332,46.349998474121094,46.790000915527344,33.334983825683594,2504500
2012-06-01,46.52000045776367,46.83000183105469,46.43000030517578,46.5099983215332,33.135498046875,2250000
2012-06-04,46.650001525878906,46.880001068115234,46.41999816894531,46.79999923706055,33.342105865478516,1787600
2012-06-05,46.70000076293945,47.310001373291016,46.59000015258789,47.08000183105469,33.54159164428711,2049400
2012-06-06,47.15999984741211,47.779998779296875,46.93000030517578,47.779998779296875,34.04029846191406,5200000
2012-06-07,48.04999923706055,48.06999969482422,47.15999984741211,47.630001068115234,33.93342971801758,6429700
2012-06-08,47.5099983215332,47.869998931884766,47.31999969482422,47.86000061035156,34.097293853759766,1873300
2012-06-11,48.0099983215332,48.29999923706055,47.75,47.779998779296875,34.04029846191406,1480500
2012-06-12,47.7599983215332,47.91999816894531,47.290000915527344,47.689998626708984,33.976173400878906,1217300
2012-06-13,47.66999816894531,47.7400016784668,47.279998779296875,47.459999084472656,33.812313079833984,1656200
2012-06-14,47.5,48.119998931884766,47.349998474121094,48.040000915527344,34.22553634643555,1785000
2012-06-15,48.150001525878906,48.4900016784668,48.029998779296875,48.4900016784668,34.54612731933594,2931800
2012-06-18,48.439998626708984,48.95000076293945,48.400001525878906,48.810001373291016,34.77411651611328,2059800
2012-06-19,48.869998931884766,49.459999084472656,48.849998474121094,49.20000076293945,35.05195999145508,2662400
2012-06-20,49.119998931884766,49.2400016784668,48.45000076293945,48.52000045776367,34.56749725341797,2880600
2012-06-21,48.7599983215332,48.88999938964844,48.119998931884766,48.13999938964844,34.29677963256836,3196900
2012-06-22,48.38999938964844,48.40999984741211,48.099998474121094,48.119998931884766,34.28252029418945,2395200
2012-06-25,47.900001525878906,47.97999954223633,47.560001373291016,47.86000061035156,34.097293853759766,1873100
2012-06-26,47.959999084472656,48.0099983215332,47.56999969482422,47.77000045776367,34.03317642211914,1656500
2012-06-27,47.91999816894531,48.560001373291016,47.91999816894531,48.41999816894531,34.49625015258789,1278100
2012-06-28,48.22999954223633,48.540000915527344,48.0,48.47999954223633,34.538997650146484,1751000
2012-06-29,48.970001220703125,49.279998779296875,48.869998931884766,49.189998626708984,35.044837951660156,1901600
2012-07-02,49.41999816894531,49.93000030517578,49.2599983215332,49.900001525878906,35.550662994384766,2242700
2012-07-03,49.900001525878906,49.900001525878906,49.540000915527344,49.84000015258789,35.50792694091797,1049100
2012-07-05,49.56999969482422,49.79999923706055,49.20000076293945,49.41999816894531,35.20869445800781,1705200
2012-07-06,49.11000061035156,49.33000183105469,48.88999938964844,49.18000030517578,35.03771209716797,1696100
2012-07-09,49.16999816894531,49.41999816894531,48.689998626708984,48.95000076293945,34.87385559082031,1431200
2012-07-10,49.09000015258789,49.279998779296875,48.810001373291016,48.88999938964844,34.83110046386719,1755800
2012-07-11,48.5099983215332,49.20000076293945,48.5099983215332,48.970001220703125,34.888092041015625,2060700
2012-07-12,48.86000061035156,49.279998779296875,48.779998779296875,49.08000183105469,34.966468811035156,1420000
2012-07-13,49.09000015258789,49.4900016784668,49.0099983215332,49.34000015258789,35.151702880859375,1682100
2012-07-16,49.2599983215332,49.70000076293945,49.11000061035156,49.630001068115234,35.358314514160156,1595800
2012-07-17,49.689998626708984,49.7599983215332,49.13999938964844,49.4900016784668,35.25857162475586,1462300
2012-07-18,49.369998931884766,49.79999923706055,49.060001373291016,49.75,35.44380187988281,2485300
2012-07-19,49.84000015258789,50.33000183105469,49.70000076293945,50.2599983215332,35.80714797973633,2349600
2012-07-20,50.150001525878906,50.650001525878906,50.02000045776367,50.369998931884766,35.88551330566406,6116300
2012-07-23,50.119998931884766,50.31999969482422,49.72999954223633,49.900001525878906,35.550662994384766,5339400
2012-07-24,49.65999984741211,49.83000183105469,49.18000030517578,49.400001525878906,35.194461822509766,2479700
2012-07-25,49.40999984741211,49.560001373291016,48.790000915527344,48.84000015258789,34.79549026489258,1940400
2012-07-26,49.34000015258789,49.72999954223633,49.130001068115234,49.70000076293945,35.408172607421875,1406400
2012-07-27,50.0,50.5,49.83000183105469,50.45000076293945,35.9425048828125,1671500
2012-07-30,50.45000076293945,50.91999816894531,50.13999938964844,50.869998931884766,36.24173355102539,1721700
2012-07-31,50.86000061035156,50.95000076293945,50.20000076293945,50.220001220703125,35.778648376464844,1923100
2012-08-01,50.439998626708984,51.13999938964844,50.099998474121094,50.13999938964844,35.72165298461914,1739800
2012-08-02,49.90999984741211,49.95000076293945,49.0099983215332,49.45000076293945,35.23008346557617,2747700
2012-08-03,49.20000076293945,49.630001068115234,49.0099983215332,49.5099983215332,35.6695556640625,1588200
2012-08-06,49.68000030517578,50.11000061035156,49.27000045776367,49.31999969482422,35.53266525268555,1524000
2012-08-07,49.86000061035156,50.2599983215332,46.08000183105469,46.13999938964844,33.24162292480469,7975400
2012-08-08,45.869998931884766,46.68000030517578,45.560001373291016,45.88999938964844,33.0615119934082,6836800
2012-08-09,45.61000061035156,46.04999923706055,45.369998931884766,45.79999923706055,32.996673583984375,3143800
2012-08-10,45.75,45.880001068115234,45.5,45.849998474121094,33.032691955566406,3101200
2012-08-13,45.75,46.0,45.58000183105469,45.849998474121094,33.032691955566406,2081100
2012-08-14,45.709999084472656,46.279998779296875,45.63999938964844,46.119998931884766,33.22722244262695,3350900
2012-08-15,46.119998931884766,46.279998779296875,45.849998474121094,46.099998474121094,33.212799072265625,2047100
2012-08-16,46.189998626708984,46.27000045776367,45.93000030517578,45.97999954223633,33.12636184692383,1831300
2012-08-17,45.970001220703125,46.02000045776367,45.63999938964844,45.869998931884766,33.047096252441406,2026200
2012-08-20,45.709999084472656,46.060001373291016,45.709999084472656,45.9900016784668,33.1335563659668,1432300
2012-08-21,45.849998474121094,46.099998474121094,45.529998779296875,45.75,32.96064758300781,1708800
2012-08-22,45.7400016784668,45.900001525878906,45.47999954223633,45.65999984741211,32.89581298828125,1319900
2012-08-23,45.66999816894531,45.66999816894531,44.81999969482422,44.869998931884766,32.326656341552734,2420200
2012-08-24,44.83000183105469,45.099998474121094,44.650001525878906,44.7400016784668,32.23298645019531,3299000
2012-08-27,44.75,44.91999816894531,44.540000915527344,44.65999984741211,32.17536163330078,2215100
2012-08-28,44.560001373291016,44.68000030517578,44.209999084472656,44.36000061035156,31.959218978881836,2000900
2012-08-29,44.43000030517578,44.58000183105469,43.869998931884766,43.9900016784668,31.692649841308594,2775100
2012-08-30,43.970001220703125,44.0,43.7400016784668,43.7400016784668,31.51253318786621,2572300
2012-08-31,43.81999969482422,43.93000030517578,43.65999984741211,43.70000076293945,31.483736038208008,2164800
2012-09-04,43.7400016784668,43.88999938964844,43.4900016784668,43.4900016784668,31.332429885864258,2323700
2012-09-05,43.4900016784668,43.61000061035156,42.630001068115234,42.779998779296875,30.820905685424805,3771600
2012-09-06,43.0,43.41999816894531,42.959999084472656,43.349998474121094,31.231571197509766,2565500
2012-09-07,43.36000061035156,43.459999084472656,42.970001220703125,43.119998931884766,31.065868377685547,2045500
2012-09-10,43.2400016784668,43.2400016784668,42.790000915527344,42.84000015258789,30.8641357421875,1785100
2012-09-11,42.86000061035156,42.86000061035156,42.59000015258789,42.689998626708984,30.756057739257812,1837500
2012-09-12,42.65999984741211,42.689998626708984,42.04999923706055,42.619998931884766,30.70563316345215,2456700
2012-09-13,42.54999923706055,43.7400016784668,42.5099983215332,43.72999954223633,31.50533676147461,3634000
2012-09-14,43.720001220703125,43.790000915527344,42.970001220703125,43.279998779296875,31.181137084960938,5165400
2012-09-17,43.290000915527344,43.61000061035156,43.15999984741211,43.279998779296875,31.181137084960938,2139300
2012-09-18,43.279998779296875,43.41999816894531,43.02000045776367,43.29999923706055,31.19554901123047,1780100
2012-09-19,43.58000183105469,43.650001525878906,43.16999816894531,43.540000915527344,31.368452072143555,2125000
2012-09-20,43.33000183105469,44.29999923706055,43.33000183105469,44.189998626708984,31.83673858642578,2831600
2012-09-21,44.25,44.25,43.630001068115234,44.189998626708984,31.83673858642578,3501100
2012-09-24,44.18000030517578,44.54999923706055,44.0,44.400001525878906,31.988037109375,2092200
2012-09-25,44.5,44.7599983215332,44.29999923706055,44.29999923706055,31.91599464416504,1844100
2012-09-26,44.36000061035156,44.7400016784668,44.31999969482422,44.41999816894531,32.0024528503418,1419000
2012-09-27,44.439998626708984,44.47999954223633,44.060001373291016,44.060001373291016,31.743091583251953,1739700
2012-09-28,44.060001373291016,44.22999954223633,43.79999923706055,44.099998474121094,31.77190589904785,1648100
2012-10-01,44.27000045776367,44.40999984741211,43.959999084472656,44.060001373291016,31.743091583251953,2191400
2012-10-02,44.290000915527344,44.349998474121094,43.9900016784668,44.29999923706055,31.91599464416504,1446400
2012-10-03,44.29999923706055,44.720001220703125,44.25,44.709999084472656,32.21137619018555,1583300
2012-10-04,44.790000915527344,45.060001373291016,44.720001220703125,44.869998931884766,32.326656341552734,1931000
2012-10-05,44.959999084472656,45.0,44.72999954223633,44.81999969482422,32.29063034057617,1955800
2012-10-08,44.72999954223633,44.959999084472656,44.5099983215332,44.720001220703125,32.21858215332031,1548800
2012-10-09,44.709999084472656,45.0099983215332,44.5099983215332,44.939998626708984,32.37708282470703,1494700
2012-10-10,44.959999084472656,45.0,44.56999969482422,44.630001068115234,32.153743743896484,1734600
2012-10-11,44.83000183105469,45.560001373291016,44.47999954223633,45.20000076293945,32.56439208984375,2097800
2012-10-12,45.310001373291016,45.43000030517578,44.720001220703125,44.90999984741211,32.3554801940918,1114900
2012-10-15,44.880001068115234,45.11000061035156,44.43000030517578,45.11000061035156,32.49956512451172,1473100
2012-10-16,44.709999084472656,45.459999084472656,44.709999084472656,45.459999084472656,32.7517204284668,1767100
2012-10-17,45.5,45.93000030517578,45.290000915527344,45.779998779296875,32.982261657714844,1503100
2012-10-18,45.779998779296875,46.279998779296875,45.63999938964844,46.279998779296875,33.34248733520508,1366000
2012-10-19,46.38999938964844,46.54999923706055,45.790000915527344,45.97999954223633,33.12636184692383,2318300
2012-10-22,45.86000061035156,46.060001373291016,45.5099983215332,45.84000015258789,33.02549362182617,2297200
2012-10-23,45.529998779296875,45.720001220703125,45.400001525878906,45.529998779296875,32.80214309692383,1442900
2012-10-24,45.529998779296875,45.70000076293945,45.36000061035156,45.41999816894531,32.722896575927734,1671300
2012-10-25,45.70000076293945,45.88999938964844,45.52000045776367,45.88999938964844,33.0615119934082,6088900
2012-10-26,45.95000076293945,46.040000915527344,45.59000015258789,45.630001068115234,32.874202728271484,6228500
2012-10-31,45.72999954223633,46.369998931884766,45.619998931884766,45.720001220703125,32.93903350830078,2764200
2012-11-01,45.63999938964844,45.7599983215332,44.869998931884766,44.90999984741211,32.3554801940918,2638500
2012-11-02,45.189998626708984,45.2400016784668,44.40999984741211,44.459999084472656,32.03126525878906,2420700
2012-11-05,43.72999954223633,43.75,42.459999084472656,42.54999923706055,31.039180755615234,3349800
2012-11-06,42.599998474121094,43.310001373291016,42.54999923706055,43.20000076293945,31.513338088989258,2804800
2012-11-07,42.939998626708984,42.939998626708984,42.11000061035156,42.29999923706055,30.856809616088867,2492800
2012-11-08,42.400001525878906,43.41999816894531,42.400001525878906,42.90999984741211,31.301794052124023,3080800
2012-11-09,42.72999954223633,43.040000915527344,42.400001525878906,42.47999954223633,30.98811912536621,1920400
2012-11-12,42.43000030517578,42.470001220703125,41.7400016784668,41.880001068115234,30.55042839050293,1317000
2012-11-13,41.689998626708984,42.400001525878906,41.58000183105469,42.099998474121094,30.710926055908203,1610900
2012-11-14,42.119998931884766,42.22999954223633,41.2400016784668,41.310001373291016,30.134634017944336,2160200
2012-11-15,41.310001373291016,41.619998931884766,40.7599983215332,41.15999984741211,30.025209426879883,3161300
2012-11-16,41.209999084472656,41.56999969482422,40.900001525878906,41.369998931884766,30.17840003967285,2810100
2012-11-19,41.66999816894531,41.709999084472656,41.16999816894531,41.560001373291016,30.31699562072754,2232200
2012-11-20,41.599998474121094,41.619998931884766,41.09000015258789,41.439998626708984,30.229459762573242,1806300
2012-11-21,41.4900016784668,41.630001068115234,40.709999084472656,41.20000076293945,30.05438804626465,2214600
2012-11-23,41.29999923706055,41.36000061035156,40.84000015258789,41.06999969482422,29.959556579589844,1099700
2012-11-26,41.0,42.040000915527344,41.0,41.77000045776367,30.470184326171875,2208900
2012-11-27,41.84000015258789,42.15999984741211,41.7400016784668,41.970001220703125,30.6160831451416,1871500
2012-11-28,41.9900016784668,42.5099983215332,41.70000076293945,42.5,31.00269889831543,1974600
2012-11-29,42.61000061035156,42.75,42.400001525878906,42.47999954223633,30.98811912536621,1651200
2012-11-30,42.52000045776367,42.869998931884766,42.33000183105469,42.459999084472656,30.973520278930664,3018800
2012-12-03,42.54999923706055,42.599998474121094,41.77000045776367,42.279998779296875,30.84221839904785,2628300
2012-12-04,42.29999923706055,42.43000030517578,41.66999816894531,41.709999084472656,30.426420211791992,2132000
2012-12-05,41.81999969482422,42.400001525878906,41.52000045776367,42.02000045776367,30.65256118774414,3541100
2012-12-06,42.04999923706055,42.15999984741211,41.52000045776367,41.560001373291016,30.31699562072754,3247000
2012-12-07,41.61000061035156,41.7599983215332,41.349998474121094,41.45000076293945,30.236759185791016,2772700
2012-12-10,41.369998931884766,41.54999923706055,41.119998931884766,41.54999923706055,30.30970573425293,2047500
2012-12-11,41.58000183105469,41.869998931884766,41.27000045776367,41.5,30.273231506347656,3037100
2012-12-12,41.52000045776367,41.810001373291016,41.189998626708984,41.20000076293945,30.05438804626465,2728400
2012-12-13,41.16999816894531,41.209999084472656,40.5,40.720001220703125,29.704238891601562,2293600
2012-12-14,40.66999816894531,40.779998779296875,40.470001220703125,40.7599983215332,29.733427047729492,2227400
2012-12-17,40.779998779296875,41.2400016784668,40.779998779296875,41.22999954223633,30.07627296447754,2003200
2012-12-18,40.959999084472656,41.56999969482422,40.79999923706055,41.5099983215332,30.280527114868164,2619800
2012-12-19,41.58000183105469,41.63999938964844,41.29999923706055,41.5,30.273231506347656,3631200
2012-12-20,41.58000183105469,41.7599983215332,41.27000045776367,41.540000915527344,30.302410125732422,2906800
2012-12-21,41.43000030517578,41.880001068115234,41.400001525878906,41.61000061035156,30.353477478027344,5178000
2012-12-24,41.630001068115234,41.810001373291016,41.40999984741211,41.75,30.455598831176758,1348900
2012-12-26,41.75,41.88999938964844,41.5099983215332,41.66999816894531,30.397233963012695,2058600
2012-12-27,41.599998474121094,41.75,40.970001220703125,41.650001525878906,30.382654190063477,2462600
2012-12-28,41.439998626708984,41.70000076293945,41.16999816894531,41.18000030517578,30.039810180664062,1509300
2012-12-31,41.189998626708984,41.81999969482422,40.849998474121094,41.7599983215332,30.462890625,2115200
2013-01-02,42.220001220703125,42.5,41.59000015258789,41.97999954223633,30.623382568359375,3738600
2013-01-03,41.970001220703125,42.290000915527344,41.869998931884766,42.040000915527344,30.667142868041992,2182600
2013-01-04,42.119998931884766,42.150001525878906,41.81999969482422,42.0099983215332,30.645259857177734,2636000
2013-01-07,41.93000030517578,41.93000030517578,41.439998626708984,41.4900016784668,30.265933990478516,1886000
2013-01-08,41.369998931884766,41.470001220703125,41.119998931884766,41.310001373291016,30.134634017944336,2204300
2013-01-09,41.33000183105469,41.36000061035156,40.0099983215332,40.220001220703125,29.33949851989746,5618700
2013-01-10,40.27000045776367,40.45000076293945,40.0,40.119998931884766,29.26655387878418,3606400
2013-01-11,39.7400016784668,40.029998779296875,39.5,39.88999938964844,29.098777770996094,4951900
2013-01-14,39.90999984741211,39.95000076293945,39.38999938964844,39.4900016784668,28.80698013305664,3108600
2013-01-15,39.4900016784668,39.91999816894531,39.369998931884766,39.869998931884766,29.084184646606445,3253800
2013-01-16,39.75,39.849998474121094,39.33000183105469,39.369998931884766,28.719449996948242,2820600
2013-01-17,39.4900016784668,39.68000030517578,39.20000076293945,39.40999984741211,28.748624801635742,2006500
2013-01-18,39.52000045776367,39.88999938964844,39.5099983215332,39.88999938964844,29.098777770996094,2485000
2013-01-22,39.56999969482422,39.97999954223633,39.40999984741211,39.900001525878906,29.1060733795166,3529200
2013-01-23,39.7599983215332,39.7599983215332,39.18000030517578,39.29999923706055,28.668386459350586,3657600
2013-01-24,39.369998931884766,39.9900016784668,39.369998931884766,39.91999816894531,29.120655059814453,3550300
2013-01-25,39.970001220703125,40.38999938964844,39.75,40.27000045776367,29.37598419189453,9158800
2013-01-28,40.43000030517578,40.43000030517578,39.95000076293945,40.09000015258789,29.24466896057129,8437600
2013-01-29,40.099998474121094,40.630001068115234,40.09000015258789,40.599998474121094,29.61670684814453,9126900
2013-01-30,40.47999954223633,40.63999938964844,40.02000045776367,40.220001220703125,29.33949851989746,4022800
2013-01-31,40.099998474121094,40.529998779296875,40.09000015258789,40.4900016784668,29.536462783813477,2679900
2013-02-01,40.630001068115234,40.77000045776367,40.310001373291016,40.4900016784668,29.536462783813477,3428000
2013-02-04,40.349998474121094,40.349998474121094,39.75,39.970001220703125,29.157133102416992,4008300
2013-02-05,39.560001373291016,39.849998474121094,39.470001220703125,39.56999969482422,29.268083572387695,3322200
2013-02-06,39.56999969482422,40.0099983215332,39.400001525878906,39.939998626708984,29.5417537689209,4166900
2013-02-07,39.91999816894531,40.400001525878906,39.869998931884766,40.150001525878906,29.697078704833984,4322900
2013-02-08,40.130001068115234,40.220001220703125,39.81999969482422,40.220001220703125,29.74886131286621,2337700
2013-02-11,40.18000030517578,40.279998779296875,39.86000061035156,40.25,29.771045684814453,5045900
2013-02-12,40.33000183105469,40.61000061035156,40.25,40.5,29.95595932006836,3786900
2013-02-13,40.58000183105469,40.86000061035156,40.56999969482422,40.68000030517578,30.089092254638672,3353400
2013-02-14,40.58000183105469,40.86000061035156,40.34000015258789,40.4900016784668,29.948566436767578,3441400
2013-02-15,40.54999923706055,40.630001068115234,40.34000015258789,40.56999969482422,30.00773048400879,1900100
2013-02-19,40.65999984741211,41.220001220703125,40.650001525878906,41.08000183105469,30.38495445251465,4146300
2013-02-20,40.959999084472656,41.29999923706055,40.4900016784668,40.560001373291016,30.000343322753906,6617500
2013-02-21,40.54999923706055,40.619998931884766,39.880001068115234,39.900001525878906,29.512174606323242,4271200
2013-02-22,40.08000183105469,40.540000915527344,40.0099983215332,40.540000915527344,29.985546112060547,3855700
2013-02-25,40.599998474121094,40.970001220703125,39.529998779296875,39.560001373291016,29.260684967041016,5605200
2013-02-26,39.54999923706055,39.630001068115234,38.2599983215332,38.900001525878906,28.77251434326172,6490600
2013-02-27,38.97999954223633,39.5099983215332,38.97999954223633,39.45000076293945,29.1793212890625,2565900
2013-02-28,39.5099983215332,39.75,39.150001525878906,39.47999954223633,29.20151138305664,3360600
2013-03-01,39.54999923706055,39.619998931884766,39.310001373291016,39.5,29.21630096435547,2955300
2013-03-04,39.5099983215332,39.959999084472656,39.400001525878906,39.86000061035156,29.482574462890625,1891000
2013-03-05,39.90999984741211,40.150001525878906,39.84000015258789,40.060001373291016,29.630516052246094,2069700
2013-03-06,40.150001525878906,40.5,39.97999954223633,40.5,29.95595932006836,2312200
2013-03-07,40.529998779296875,40.7599983215332,40.5,40.7599983215332,30.14827537536621,3045000
2013-03-08,40.79999923706055,41.0,40.63999938964844,40.900001525878906,30.251827239990234,2169000
2013-03-11,40.810001373291016,41.16999816894531,40.779998779296875,41.16999816894531,30.451528549194336,1902500
2013-03-12,41.220001220703125,41.31999969482422,40.9900016784668,41.16999816894531,30.451528549194336,2131300
2013-03-13,41.16999816894531,41.31999969482422,40.880001068115234,41.310001373291016,30.555082321166992,2488400
2013-03-14,41.400001525878906,41.68000030517578,41.18000030517578,41.68000030517578,30.828752517700195,3148500
2013-03-15,41.33000183105469,42.119998931884766,41.310001373291016,42.099998474121094,31.139406204223633,4426000
2013-03-18,41.790000915527344,42.04999923706055,41.68000030517578,41.75,30.880531311035156,2160400
2013-03-19,41.86000061035156,42.0099983215332,41.380001068115234,41.599998474121094,30.769580841064453,2911300
2013-03-20,41.689998626708984,42.09000015258789,41.689998626708984,41.95000076293945,31.028451919555664,5069000
2013-03-21,41.84000015258789,41.939998626708984,41.47999954223633,41.47999954223633,30.68082618713379,2597300
2013-03-22,41.459999084472656,41.4900016784668,40.72999954223633,40.849998474121094,30.214841842651367,3187700
2013-03-25,40.869998931884766,41.209999084472656,40.540000915527344,40.7599983215332,30.14827537536621,2456000
2013-03-26,40.91999816894531,41.2599983215332,40.88999938964844,41.25,30.510690689086914,2095600
2013-03-27,41.060001373291016,41.70000076293945,41.0,41.650001525878906,30.806550979614258,2130200
2013-03-28,41.630001068115234,42.209999084472656,41.560001373291016,42.20000076293945,31.213369369506836,2533000
2013-04-01,42.20000076293945,42.20000076293945,41.90999984741211,42.040000915527344,31.09503173828125,1316900
2013-04-02,42.06999969482422,42.2599983215332,41.900001525878906,42.04999923706055,31.1024227142334,1812400
2013-04-03,42.06999969482422,42.150001525878906,41.7599983215332,42.0099983215332,31.072824478149414,1801500
2013-04-04,42.040000915527344,43.04999923706055,42.029998779296875,43.029998779296875,31.827274322509766,2908800
2013-04-05,42.650001525878906,44.130001068115234,42.56999969482422,44.09000015258789,32.611324310302734,4861300
2013-04-08,44.25,44.40999984741211,43.790000915527344,44.400001525878906,32.840606689453125,2651300
2013-04-09,44.38999938964844,44.959999084472656,44.16999816894531,44.709999084472656,33.06989288330078,5059800
2013-04-10,44.84000015258789,45.38999938964844,44.77000045776367,45.18000030517578,33.41753387451172,2680600
2013-04-11,45.25,45.810001373291016,45.18000030517578,45.470001220703125,33.63203811645508,2450300
2013-04-12,45.310001373291016,45.7400016784668,45.130001068115234,45.720001220703125,33.81695556640625,2159100
2013-04-15,45.560001373291016,45.83000183105469,45.04999923706055,45.04999923706055,33.321372985839844,1896200
2013-04-16,45.34000015258789,45.84000015258789,44.93000030517578,45.79999923706055,33.87612533569336,2000300
2013-04-17,45.61000061035156,45.61000061035156,45.09000015258789,45.279998779296875,33.49150466918945,2760700
2013-04-18,45.400001525878906,45.720001220703125,45.279998779296875,45.61000061035156,33.73558807373047,2300800
2013-04-19,45.7400016784668,45.91999816894531,45.02000045776367,45.650001525878906,33.76517868041992,3336200
2013-04-22,45.619998931884766,46.09000015258789,45.470001220703125,45.86000061035156,33.920494079589844,1878900
2013-04-23,46.0,46.0,45.59000015258789,45.90999984741211,33.957481384277344,1636900
2013-04-24,45.90999984741211,46.33000183105469,45.70000076293945,46.16999816894531,34.14978790283203,1951800
2013-04-25,46.189998626708984,46.33000183105469,45.619998931884766,46.29999923706055,34.245948791503906,7810300
2013-04-26,46.2599983215332,46.599998474121094,46.150001525878906,46.47999954223633,34.37908172607422,7550700
2013-04-29,46.630001068115234,46.689998626708984,45.56999969482422,46.31999969482422,34.260738372802734,8557800
2013-04-30,46.290000915527344,46.77000045776367,46.220001220703125,46.599998474121094,34.467838287353516,2094100
2013-05-01,46.529998779296875,46.70000076293945,46.18000030517578,46.279998779296875,34.231163024902344,1471700
2013-05-02,46.400001525878906,46.68000030517578,45.84000015258789,46.060001373291016,34.06843185424805,2340800
2013-05-03,45.70000076293945,45.70000076293945,44.95000076293945,44.9900016784668,33.679168701171875,3146600
2013-05-06,44.880001068115234,45.099998474121094,43.369998931884766,44.18000030517578,33.072818756103516,2537300
2013-05-07,44.36000061035156,44.650001525878906,43.849998474121094,44.099998474121094,33.012916564941406,2552800
2013-05-08,43.9900016784668,44.130001068115234,43.380001068115234,43.63999938964844,32.6685676574707,2275400
2013-05-09,43.54999923706055,43.68000030517578,42.630001068115234,42.779998779296875,32.02477264404297,5963100
2013-05-10,42.75,42.9900016784668,42.560001373291016,42.90999984741211,32.122093200683594,2444900
2013-05-13,42.779998779296875,42.900001525878906,42.33000183105469,42.65999984741211,31.934938430786133,1810500
2013-05-14,42.650001525878906,43.290000915527344,42.61000061035156,42.75,32.002315521240234,2352100
2013-05-15,42.72999954223633,43.400001525878906,42.52000045776367,43.20000076293945,32.33918762207031,2920600
2013-05-16,43.06999969482422,43.38999938964844,42.869998931884766,43.099998474121094,32.264320373535156,2317000
2013-05-17,43.20000076293945,43.83000183105469,43.189998626708984,43.779998779296875,32.77336883544922,2623800
2013-05-20,43.77000045776367,43.880001068115234,43.220001220703125,43.29999923706055,32.41404724121094,1794900
2013-05-21,43.279998779296875,43.900001525878906,43.04999923706055,43.869998931884766,32.84073257446289,3029000
2013-05-22,43.81999969482422,44.61000061035156,43.279998779296875,43.5,32.56376266479492,3609100
2013-05-23,43.08000183105469,43.209999084472656,42.25,42.9900016784668,32.18198776245117,3938800
2013-05-24,42.77000045776367,42.95000076293945,42.439998626708984,42.619998931884766,31.905000686645508,3105400
2013-05-28,40.88999938964844,40.88999938964844,39.31999969482422,39.86000061035156,29.838882446289062,12520800
2013-05-29,39.4900016784668,39.630001068115234,38.83000183105469,39.220001220703125,29.359777450561523,5682400
2013-05-30,39.61000061035156,40.220001220703125,39.08000183105469,39.09000015258789,29.262481689453125,4229200
2013-05-31,39.0,39.54999923706055,38.95000076293945,39.0099983215332,29.202579498291016,4018300
2013-06-03,39.290000915527344,39.720001220703125,38.849998474121094,39.15999984741211,29.314863204956055,6413100
2013-06-04,39.15999984741211,39.279998779296875,38.83000183105469,39.06999969482422,29.247499465942383,2495100
2013-06-05,38.95000076293945,39.0,38.56999969482422,38.68000030517578,28.955547332763672,2107600
2013-06-06,38.779998779296875,38.900001525878906,38.310001373291016,38.900001525878906,29.120235443115234,2505300
2013-06-07,39.0,39.209999084472656,38.59000015258789,38.939998626708984,29.150178909301758,1750500
2013-06-10,39.0,39.09000015258789,38.65999984741211,38.91999816894531,29.13520622253418,2503500
2013-06-11,38.650001525878906,39.0,38.52000045776367,38.56999969482422,28.87320327758789,1997900
2013-06-12,38.7599983215332,38.81999969482422,37.81999969482422,37.869998931884766,28.349184036254883,2049300
2013-06-13,37.91999816894531,38.599998474121094,37.84000015258789,38.58000183105469,28.880680084228516,2112700
2013-06-14,38.52000045776367,38.790000915527344,38.2599983215332,38.33000183105469,28.693540573120117,1465000
2013-06-17,38.40999984741211,38.56999969482422,37.97999954223633,38.150001525878906,28.558795928955078,3234900
2013-06-18,38.150001525878906,38.459999084472656,38.04999923706055,38.25,28.633651733398438,2808900
2013-06-19,38.25,38.400001525878906,37.220001220703125,37.220001220703125,27.86260414123535,2861600
2013-06-20,36.9900016784668,37.209999084472656,36.27000045776367,36.31999969482422,27.188873291015625,4089700
2013-06-21,36.560001373291016,36.93000030517578,36.09000015258789,36.5099983215332,27.331098556518555,5335200
2013-06-24,36.2599983215332,36.689998626708984,35.720001220703125,36.40999984741211,27.256244659423828,3509200
2013-06-25,36.560001373291016,37.15999984741211,36.41999816894531,36.93000030517578,27.645509719848633,2629300
2013-06-26,37.130001068115234,37.290000915527344,36.880001068115234,37.060001373291016,27.742828369140625,2146300
2013-06-27,37.22999954223633,37.66999816894531,36.93000030517578,37.099998474121094,27.77277183532715,2599600
2013-06-28,37.11000061035156,37.68000030517578,36.97999954223633,37.34000015258789,27.952428817749023,7370100
2013-07-01,37.52000045776367,37.56999969482422,36.18000030517578,36.310001373291016,27.18138313293457,4125400
2013-07-02,36.25,36.54999923706055,36.02000045776367,36.15999984741211,27.069089889526367,2503800
2013-07-03,36.04999923706055,36.220001220703125,35.869998931884766,36.15999984741211,27.069089889526367,1061200
2013-07-05,36.15999984741211,36.15999984741211,35.459999084472656,35.849998474121094,26.837032318115234,1517400
2013-07-08,36.0,36.619998931884766,35.90999984741211,36.5099983215332,27.331098556518555,2269800
2013-07-09,36.650001525878906,37.060001373291016,36.650001525878906,36.810001373291016,27.55568504333496,2453000
2013-07-10,36.72999954223633,37.08000183105469,36.52000045776367,36.810001373291016,27.55568504333496,1829300
2013-07-11,37.189998626708984,37.47999954223633,37.099998474121094,37.34000015258789,27.952428817749023,2406800
2013-07-12,37.29999923706055,37.470001220703125,36.9900016784668,37.45000076293945,28.03477668762207,1828200
2013-07-15,37.36000061035156,38.5,37.31999969482422,38.45000076293945,28.783374786376953,2204600
2013-07-16,38.439998626708984,38.529998779296875,37.970001220703125,38.33000183105469,28.693540573120117,4259900
2013-07-17,38.439998626708984,38.54999923706055,38.16999816894531,38.43000030517578,28.768394470214844,1720900
2013-07-18,38.41999816894531,39.18000030517578,38.400001525878906,39.09000015258789,29.262481689453125,2275300
2013-07-19,39.06999969482422,39.150001525878906,38.59000015258789,38.91999816894531,29.13520622253418,1779300
2013-07-22,38.91999816894531,39.400001525878906,38.810001373291016,39.18000030517578,29.32984161376953,2261200
2013-07-23,39.119998931884766,39.34000015258789,38.88999938964844,39.16999816894531,29.322359085083008,1472200
2013-07-24,39.060001373291016,39.130001068115234,38.0,38.2400016784668,28.626163482666016,1959700
2013-07-25,38.18000030517578,38.650001525878906,37.9900016784668,38.2599983215332,28.641141891479492,8920700
2013-07-26,38.060001373291016,38.939998626708984,37.970001220703125,38.90999984741211,29.127727508544922,9422200
2013-07-29,38.77000045776367,39.599998474121094,38.720001220703125,39.18000030517578,29.32984161376953,8579700
2013-07-30,39.290000915527344,39.880001068115234,39.209999084472656,39.29999923706055,29.4196720123291,2836300
2013-07-31,39.189998626708984,39.22999954223633,38.02000045776367,38.06999969482422,28.498903274536133,5425500
2013-08-01,38.18000030517578,38.41999816894531,37.849998474121094,38.25,28.633651733398438,2879500
2013-08-02,38.36000061035156,38.439998626708984,37.79999923706055,38.130001068115234,28.543821334838867,2676600
2013-08-05,37.5099983215332,37.619998931884766,37.02000045776367,37.040000915527344,28.133663177490234,4160500
2013-08-06,37.4900016784668,39.0099983215332,36.40999984741211,38.0099983215332,28.870420455932617,8865400
2013-08-07,37.58000183105469,38.27000045776367,37.349998474121094,38.209999084472656,29.022340774536133,5149600
2013-08-08,38.2599983215332,38.470001220703125,37.97999954223633,38.40999984741211,29.17424201965332,3094200
2013-08-09,38.31999969482422,38.54999923706055,37.86000061035156,37.900001525878906,28.786882400512695,3145100
2013-08-12,37.75,37.79999923706055,36.97999954223633,37.34000015258789,28.361522674560547,3083000
2013-08-13,37.29999923706055,37.38999938964844,36.95000076293945,36.970001220703125,28.08049774169922,2872800
2013-08-14,36.939998626708984,37.27000045776367,36.779998779296875,37.18000030517578,28.240001678466797,2315000
2013-08-15,37.04999923706055,37.20000076293945,36.849998474121094,37.119998931884766,28.19443130493164,2881400
2013-08-16,37.040000915527344,37.099998474121094,36.459999084472656,36.810001373291016,27.958972930908203,4749800
2013-08-19,36.7599983215332,37.06999969482422,36.29999923706055,36.38999938964844,27.639957427978516,1865300
2013-08-20,36.400001525878906,37.380001068115234,36.380001068115234,37.22999954223633,28.277976989746094,3253100
2013-08-21,37.630001068115234,38.209999084472656,37.20000076293945,37.560001373291016,28.52862548828125,4852800
2013-08-22,37.68000030517578,38.27000045776367,37.47999954223633,38.18000030517578,28.999549865722656,3096500
2013-08-23,38.16999816894531,38.34000015258789,37.97999954223633,38.130001068115234,28.961563110351562,2835900
2013-08-26,38.11000061035156,38.290000915527344,37.810001373291016,37.83000183105469,28.733705520629883,1204600
2013-08-27,37.529998779296875,37.880001068115234,37.36000061035156,37.56999969482422,28.536224365234375,2106300
2013-08-28,37.59000015258789,37.81999969482422,37.29999923706055,37.650001525878906,28.59699058532715,1364700
2013-08-29,37.5099983215332,37.61000061035156,37.20000076293945,37.36000061035156,28.37672233581543,1375300
2013-08-30,37.349998474121094,37.66999816894531,37.29999923706055,37.470001220703125,28.460268020629883,1490900
2013-09-03,37.689998626708984,38.0,36.869998931884766,36.939998626708984,28.057714462280273,1851400
2013-09-04,36.84000015258789,37.040000915527344,36.529998779296875,36.779998779296875,27.93617820739746,3405200
2013-09-05,36.72999954223633,36.86000061035156,36.29999923706055,36.560001373291016,27.769086837768555,2495600
2013-09-06,36.72999954223633,37.459999084472656,36.70000076293945,36.9900016784668,28.0956974029541,3708200
2013-09-09,37.0099983215332,37.22999954223633,36.7599983215332,37.16999816894531,28.232406616210938,1942300
2013-09-10,37.400001525878906,37.869998931884766,37.27000045776367,37.869998931884766,28.764089584350586,2776700
2013-09-11,37.88999938964844,37.900001525878906,37.209999084472656,37.4900016784668,28.475461959838867,3199000
2013-09-12,37.540000915527344,37.83000183105469,36.83000183105469,36.900001525878906,28.027328491210938,2119900
2013-09-13,36.900001525878906,37.209999084472656,36.84000015258789,37.11000061035156,28.18683624267578,1338600
2013-09-16,37.459999084472656,37.86000061035156,37.16999816894531,37.290000915527344,28.323551177978516,2262100
2013-09-17,37.290000915527344,37.75,37.25,37.7400016784668,28.66534996032715,1513200
2013-09-18,37.7400016784668,38.59000015258789,37.470001220703125,38.380001068115234,29.15145492553711,3910300
2013-09-19,38.400001525878906,38.529998779296875,37.70000076293945,37.90999984741211,28.79446792602539,3147500
2013-09-20,37.93000030517578,37.959999084472656,36.619998931884766,36.65999984741211,27.845033645629883,4929500
2013-09-23,36.529998779296875,37.70000076293945,36.43000030517578,37.63999938964844,28.589387893676758,3837800
2013-09-24,37.5099983215332,37.75,37.06999969482422,37.40999984741211,28.41469383239746,2334900
2013-09-25,37.400001525878906,37.540000915527344,37.09000015258789,37.09000015258789,28.171642303466797,1671200
2013-09-26,37.119998931884766,37.33000183105469,36.86000061035156,36.939998626708984,28.057714462280273,1489300
2013-09-27,36.84000015258789,37.209999084472656,36.5099983215332,36.59000015258789,27.79186248779297,1960700
2013-09-30,36.52000045776367,36.88999938964844,36.29999923706055,36.45000076293945,27.685531616210938,2433800
2013-10-01,36.75,37.18000030517578,36.619998931884766,36.93000030517578,28.05011558532715,3228400
2013-10-02,36.7599983215332,37.31999969482422,36.720001220703125,37.06999969482422,28.156450271606445,2331400
2013-10-03,36.90999984741211,36.95000076293945,36.52000045776367,36.720001220703125,27.890613555908203,2474100
2013-10-04,36.720001220703125,37.060001373291016,36.66999816894531,36.970001220703125,28.08049774169922,2104900
2013-10-07,36.81999969482422,37.54999923706055,36.81999969482422,37.189998626708984,28.24759292602539,2576600
2013-10-08,37.11000061035156,37.83000183105469,37.0099983215332,37.45000076293945,28.445077896118164,3171500
2013-10-09,37.560001373291016,38.2599983215332,37.5,37.68000030517578,28.61977195739746,2981200
2013-10-10,37.849998474121094,37.970001220703125,37.279998779296875,37.959999084472656,28.832447052001953,2819300
2013-10-11,37.900001525878906,38.11000061035156,37.779998779296875,37.90999984741211,28.79446792602539,5369800
2013-10-14,37.810001373291016,37.9900016784668,37.33000183105469,37.93000030517578,28.809667587280273,2789700
2013-10-15,37.7400016784668,37.83000183105469,37.20000076293945,37.27000045776367,28.308361053466797,2434900
2013-10-16,37.310001373291016,37.599998474121094,36.63999938964844,37.040000915527344,28.133663177490234,4315600
2013-10-17,36.900001525878906,37.63999938964844,36.470001220703125,37.56999969482422,28.536224365234375,3596300
2013-10-18,37.56999969482422,38.029998779296875,37.5099983215332,37.939998626708984,28.817264556884766,3314300
2013-10-21,37.939998626708984,38.060001373291016,37.70000076293945,38.0,28.862825393676758,3158000
2013-10-22,37.97999954223633,38.61000061035156,37.959999084472656,38.400001525878906,29.166650772094727,3211800
2013-10-23,38.34000015258789,38.900001525878906,37.93000030517578,38.0099983215332,28.870420455932617,5432200
2013-10-24,38.02000045776367,38.02000045776367,37.29999923706055,37.43000030517578,28.42989158630371,9489400
2013-10-25,37.380001068115234,37.95000076293945,37.20000076293945,37.880001068115234,28.771690368652344,8245000
2013-10-28,37.79999923706055,38.099998474121094,37.68000030517578,37.81999969482422,28.726112365722656,10800900
2013-10-29,37.939998626708984,38.31999969482422,37.599998474121094,38.0,28.862825393676758,4138500
2013-10-30,38.13999938964844,38.349998474121094,37.849998474121094,37.970001220703125,28.840045928955078,2806100
2013-10-31,38.0,38.09000015258789,37.380001068115234,37.869998931884766,28.764089584350586,2829800
2013-11-01,37.93000030517578,38.22999954223633,37.709999084472656,38.119998931884766,28.953977584838867,3231700
2013-11-04,38.20000076293945,38.29999923706055,37.79999923706055,38.119998931884766,28.953977584838867,4152000
2013-11-05,37.310001373291016,37.52000045776367,36.810001373291016,37.13999938964844,28.622591018676758,5302400
2013-11-06,37.439998626708984,38.130001068115234,37.439998626708984,38.11000061035156,29.370140075683594,7360300
2013-11-07,38.119998931884766,38.650001525878906,38.119998931884766,38.31999969482422,29.531984329223633,4908000
2013-11-08,38.119998931884766,38.91999816894531,37.65999984741211,38.84000015258789,29.932722091674805,8637200
2013-11-11,38.0099983215332,38.0099983215332,36.529998779296875,36.619998931884766,28.221845626831055,9135600
2013-11-12,36.650001525878906,36.959999084472656,36.459999084472656,36.689998626708984,28.27579116821289,4635500
2013-11-13,36.4900016784668,36.52000045776367,35.810001373291016,36.06999969482422,27.797983169555664,5122600
2013-11-14,35.959999084472656,36.529998779296875,35.88999938964844,35.88999938964844,27.65925407409668,5656300
2013-11-15,35.869998931884766,35.970001220703125,35.290000915527344,35.470001220703125,27.335582733154297,8859200
2013-11-18,35.5,35.61000061035156,35.400001525878906,35.40999984741211,27.289339065551758,6152200
2013-11-19,35.40999984741211,35.4900016784668,34.83000183105469,34.970001220703125,26.950241088867188,5451900
2013-11-20,35.08000183105469,35.08000183105469,33.95000076293945,33.959999084472656,26.171873092651367,8101200
2013-11-21,34.29999923706055,34.29999923706055,33.529998779296875,33.56999969482422,25.871305465698242,7641200
2013-11-22,33.560001373291016,33.560001373291016,33.220001220703125,33.349998474121094,25.701763153076172,6774100
2013-11-25,33.45000076293945,33.63999938964844,33.290000915527344,33.290000915527344,25.655519485473633,6476800
2013-11-26,33.290000915527344,33.290000915527344,32.7599983215332,32.95000076293945,25.39349365234375,4774700
2013-11-27,32.900001525878906,32.97999954223633,32.38999938964844,32.5,25.046689987182617,4640900
2013-11-29,32.5,32.7599983215332,32.41999816894531,32.630001068115234,25.146879196166992,2698300
2013-12-02,32.90999984741211,32.939998626708984,32.540000915527344,32.58000183105469,25.108348846435547,6882200
2013-12-03,32.5099983215332,32.70000076293945,32.439998626708984,32.529998779296875,25.06981086730957,4882700
2013-12-04,32.41999816894531,32.529998779296875,32.119998931884766,32.52000045776367,25.062105178833008,3900400
2013-12-05,32.470001220703125,32.5,32.06999969482422,32.08000183105469,24.72300910949707,4006300
2013-12-06,32.2400016784668,32.45000076293945,32.0099983215332,32.439998626708984,25.00045394897461,4838100
2013-12-09,32.38999938964844,32.650001525878906,32.31999969482422,32.47999954223633,25.031282424926758,3633500
2013-12-10,32.40999984741211,32.43000030517578,32.11000061035156,32.189998626708984,24.807785034179688,3267100
2013-12-11,32.29999923706055,32.599998474121094,32.029998779296875,32.130001068115234,24.761547088623047,3800400
2013-12-12,32.150001525878906,32.459999084472656,32.11000061035156,32.189998626708984,24.807785034179688,4192300
2013-12-13,32.060001373291016,32.060001373291016,31.59000015258789,31.709999084472656,24.4378662109375,3097500
2013-12-16,31.84000015258789,32.040000915527344,31.600000381469727,31.81999969482422,24.52263832092285,3797600
2013-12-17,31.829999923706055,32.02000045776367,31.75,31.940000534057617,24.61511993408203,3604200
2013-12-18,31.93000030517578,32.150001525878906,31.520000457763672,31.979999542236328,24.64594078063965,4774000
2013-12-19,31.780000686645508,31.969999313354492,31.290000915527344,31.600000381469727,24.353090286254883,6867800
2013-12-20,31.760000228881836,32.689998626708984,31.709999084472656,32.61000061035156,25.131465911865234,14000800
2013-12-23,32.650001525878906,32.709999084472656,32.279998779296875,32.310001373291016,24.900266647338867,4852700
2013-12-24,32.209999084472656,32.41999816894531,32.09000015258789,32.220001220703125,24.830909729003906,1426300
2013-12-26,32.25,32.45000076293945,32.0099983215332,32.06999969482422,24.71530532836914,2252500
2013-12-27,32.5,32.9900016784668,32.310001373291016,32.790000915527344,25.27018928527832,4879400
2013-12-30,32.70000076293945,32.97999954223633,32.630001068115234,32.77000045776367,25.254770278930664,3159600
2013-12-31,32.810001373291016,33.02000045776367,32.79999923706055,32.97999954223633,25.41661262512207,3355100
2014-01-02,32.959999084472656,32.97999954223633,32.25,32.380001068115234,24.9542179107666,3431400
2014-01-03,32.0,32.220001220703125,31.770000457763672,32.0099983215332,24.6690673828125,4151700
2014-01-06,32.0,32.0099983215332,31.610000610351562,31.84000015258789,24.538053512573242,3834400
2014-01-07,31.959999084472656,32.040000915527344,31.84000015258789,31.889999389648438,24.57658576965332,3163400
2014-01-08,31.899999618530273,32.0,31.649999618530273,31.860000610351562,24.553466796875,3669300
2014-01-09,31.8700008392334,31.93000030517578,31.469999313354492,31.799999237060547,24.50722312927246,4388700
2014-01-10,32.040000915527344,32.54999923706055,31.950000762939453,32.400001525878906,24.969623565673828,5776300
2014-01-13,32.349998474121094,32.38999938964844,31.899999618530273,31.959999084472656,24.63053321838379,2829300
2014-01-14,32.04999923706055,32.130001068115234,31.709999084472656,31.860000610351562,24.553466796875,2445300
2014-01-15,31.860000610351562,32.08000183105469,31.56999969482422,31.670000076293945,24.407039642333984,3921200
2014-01-16,31.719999313354492,32.540000915527344,31.649999618530273,32.4900016784668,25.038986206054688,5294100
2014-01-17,32.68000030517578,32.7400016784668,32.31999969482422,32.61000061035156,25.131465911865234,5492300
2014-01-21,32.63999938964844,33.040000915527344,31.989999771118164,32.150001525878906,24.776958465576172,7597300
2014-01-22,31.540000915527344,31.809999465942383,30.860000610351562,31.1299991607666,23.990875244140625,14011800
2014-01-23,30.829999923706055,31.010000228881836,30.469999313354492,30.969999313354492,23.867570877075195,5997200
2014-01-24,30.829999923706055,31.739999771118164,30.6200008392334,31.06999969482422,23.94463539123535,6349800
2014-01-27,31.020000457763672,31.1299991607666,30.8799991607666,30.8799991607666,23.7982120513916,3750300
2014-01-28,30.700000762939453,30.93000030517578,30.479999542236328,30.549999237060547,23.54388999938965,4401100
2014-01-29,30.469999313354492,30.700000762939453,30.229999542236328,30.579999923706055,23.567012786865234,4571800
2014-01-30,30.6299991607666,31.239999771118164,30.6299991607666,31.15999984741211,24.013996124267578,3049100
2014-01-31,30.889999389648438,31.709999084472656,30.860000610351562,31.489999771118164,24.268320083618164,4971500
2014-02-03,31.520000457763672,31.829999923706055,31.139999389648438,31.25,24.08336067199707,7357400
2014-02-04,31.420000076293945,31.440000534057617,30.8700008392334,30.940000534057617,23.84444808959961,3734700
2014-02-05,30.479999542236328,30.700000762939453,30.100000381469727,30.219999313354492,23.563745498657227,4609600
2014-02-06,30.1299991607666,30.530000686645508,30.1299991607666,30.459999084472656,23.75088119506836,2219400
2014-02-07,30.540000915527344,30.790000915527344,30.43000030517578,30.760000228881836,23.984804153442383,1990000
2014-02-10,30.700000762939453,30.979999542236328,30.540000915527344,30.959999084472656,24.14075469970703,1924300
2014-02-11,30.899999618530273,31.56999969482422,30.860000610351562,31.31999969482422,24.421457290649414,2502600
2014-02-12,31.299999237060547,31.3700008392334,31.010000228881836,31.06999969482422,24.226524353027344,1915600
2014-02-13,31.030000686645508,31.760000228881836,30.969999313354492,31.600000381469727,24.639785766601562,2457300
2014-02-14,31.549999237060547,31.81999969482422,31.459999084472656,31.75,24.756744384765625,2712500
2014-02-18,31.65999984741211,31.84000015258789,31.459999084472656,31.6200008392334,24.655380249023438,2431800
2014-02-19,31.56999969482422,32.22999954223633,31.3799991607666,31.729999542236328,24.741151809692383,3218900
2014-02-20,31.639999389648438,32.33000183105469,31.6299991607666,32.2599983215332,25.1544189453125,3269500
2014-02-21,32.22999954223633,32.43000030517578,31.68000030517578,31.700000762939453,24.717763900756836,3487000
2014-02-24,31.81999969482422,32.09000015258789,31.6299991607666,31.700000762939453,24.717763900756836,4009200
2014-02-25,31.600000381469727,31.719999313354492,30.479999542236328,30.799999237060547,24.0159912109375,5747300
2014-02-26,30.93000030517578,31.34000015258789,30.68000030517578,31.049999237060547,24.2109317779541,3125200
2014-02-27,30.959999084472656,30.989999771118164,30.549999237060547,30.790000915527344,24.008195877075195,3077100
2014-02-28,30.829999923706055,30.979999542236328,30.639999389648438,30.780000686645508,24.00040054321289,2678100
2014-03-03,30.68000030517578,30.950000762939453,30.420000076293945,30.520000457763672,23.797666549682617,2491900
2014-03-04,30.760000228881836,30.8799991607666,30.450000762939453,30.6200008392334,23.875642776489258,2931300
2014-03-05,30.6299991607666,31.18000030517578,30.59000015258789,31.059999465942383,24.218721389770508,4362600
2014-03-06,31.079999923706055,31.299999237060547,30.739999771118164,30.84000015258789,24.047183990478516,2563300
2014-03-07,30.84000015258789,30.940000534057617,30.520000457763672,30.670000076293945,23.914628982543945,2548700
2014-03-10,30.649999618530273,30.989999771118164,30.56999969482422,30.940000534057617,24.125158309936523,2216400
2014-03-11,30.940000534057617,31.0,30.5,30.780000686645508,24.00040054321289,2073200
2014-03-12,30.68000030517578,31.040000915527344,30.6299991607666,31.0,24.171939849853516,2631200
2014-03-13,31.020000457763672,31.530000686645508,30.989999771118164,31.420000076293945,24.499433517456055,2738600
2014-03-14,31.489999771118164,31.59000015258789,31.239999771118164,31.399999618530273,24.48383903503418,3604800
2014-03-17,31.450000762939453,31.899999618530273,31.25,31.889999389648438,24.86591148376465,2702000
2014-03-18,31.889999389648438,32.040000915527344,31.700000762939453,31.93000030517578,24.897098541259766,2645100
2014-03-19,31.8799991607666,32.150001525878906,31.440000534057617,31.719999313354492,24.733356475830078,6096000
2014-03-20,31.56999969482422,31.90999984741211,31.110000610351562,31.84000015258789,24.82692527770996,3612500
2014-03-21,31.989999771118164,32.91999816894531,31.989999771118164,32.849998474121094,25.61446189880371,6380100
2014-03-24,32.869998931884766,33.40999984741211,32.63999938964844,33.400001525878906,26.043319702148438,6493200
2014-03-25,33.38999938964844,33.459999084472656,32.84000015258789,33.130001068115234,25.83279037475586,3976000
2014-03-26,33.130001068115234,33.400001525878906,33.029998779296875,33.15999984741211,25.85618019104004,2990400
2014-03-27,33.20000076293945,33.54999923706055,33.09000015258789,33.54999923706055,26.160276412963867,2498700
2014-03-28,33.4900016784668,34.08000183105469,33.43000030517578,34.08000183105469,26.573545455932617,3659500
2014-03-31,34.16999816894531,34.279998779296875,33.810001373291016,34.029998779296875,26.5345516204834,3137500
2014-04-01,34.130001068115234,34.16999816894531,33.41999816894531,33.52000045776367,26.13688850402832,2552600
2014-04-02,33.52000045776367,33.599998474121094,33.279998779296875,33.43000030517578,26.066709518432617,2640300
2014-04-03,33.5,33.869998931884766,33.34000015258789,33.83000183105469,26.37861442565918,1759400
2014-04-04,33.959999084472656,34.36000061035156,33.869998931884766,34.029998779296875,26.5345516204834,2137400
2014-04-07,34.06999969482422,34.43000030517578,33.630001068115234,33.630001068115234,26.222658157348633,3521500
2014-04-08,33.709999084472656,34.400001525878906,33.13999938964844,34.209999084472656,26.674909591674805,5013200
2014-04-09,34.22999954223633,34.279998779296875,33.45000076293945,33.75,26.31623077392578,3838500
2014-04-10,33.83000183105469,34.0,33.439998626708984,33.4900016784668,26.11349105834961,3891700
2014-04-11,33.4900016784668,33.75,33.11000061035156,33.150001525878906,25.84838104248047,2553200
2014-04-14,33.279998779296875,33.369998931884766,33.0099983215332,33.310001373291016,25.973142623901367,4017300
2014-04-15,33.45000076293945,34.130001068115234,33.290000915527344,34.029998779296875,26.5345516204834,4898100
2014-04-16,34.20000076293945,34.40999984741211,33.939998626708984,34.150001525878906,26.628124237060547,1620500
2014-04-17,34.02000045776367,34.290000915527344,33.58000183105469,33.61000061035156,26.20706558227539,2287400
2014-04-21,33.72999954223633,33.880001068115234,33.2599983215332,33.47999954223633,26.10569953918457,2869500
2014-04-22,33.45000076293945,33.61000061035156,33.220001220703125,33.439998626708984,26.074504852294922,2411800
2014-04-23,33.5099983215332,33.959999084472656,33.22999954223633,33.290000915527344,25.95754623413086,3801000
2014-04-24,33.400001525878906,34.33000183105469,33.189998626708984,34.18000030517578,26.651514053344727,5255100
2014-04-25,34.2400016784668,34.79999923706055,34.130001068115234,34.650001525878906,27.017990112304688,4021700
2014-04-28,34.599998474121094,34.83000183105469,34.099998474121094,34.33000183105469,26.768476486206055,3684800
2014-04-29,34.349998474121094,34.59000015258789,34.13999938964844,34.2599983215332,26.713891983032227,2267300
2014-04-30,34.029998779296875,34.09000015258789,33.459999084472656,33.75,26.31623077392578,4751200
2014-05-01,33.810001373291016,34.11000061035156,33.599998474121094,33.880001068115234,26.4175968170166,4513300
2014-05-02,33.75,33.7599983215332,33.18000030517578,33.34000015258789,25.99653434753418,4781500
2014-05-05,32.95000076293945,33.65999984741211,32.95000076293945,33.41999816894531,26.343360900878906,5855500
2014-05-06,33.11000061035156,33.54999923706055,32.38999938964844,32.650001525878906,25.73641586303711,8033000
2014-05-07,33.0099983215332,33.900001525878906,32.779998779296875,33.88999938964844,26.713848114013672,7911100
2014-05-08,33.81999969482422,33.84000015258789,33.310001373291016,33.630001068115234,26.508899688720703,6652500
2014-05-09,33.7599983215332,34.209999084472656,33.5,33.5099983215332,26.414304733276367,7040700
2014-05-12,33.540000915527344,33.58000183105469,32.849998474121094,32.93000030517578,25.957120895385742,7041700
2014-05-13,32.9900016784668,33.119998931884766,32.43000030517578,32.4900016784668,25.61029052734375,4599200
2014-05-14,32.58000183105469,32.77000045776367,32.13999938964844,32.349998474121094,25.49993324279785,5212500
2014-05-15,32.41999816894531,32.54999923706055,32.13999938964844,32.2599983215332,25.428997039794922,2889100
2014-05-16,32.2400016784668,32.36000061035156,32.029998779296875,32.2400016784668,25.41322898864746,3354800
2014-05-19,32.13999938964844,32.220001220703125,31.329999923706055,31.350000381469727,24.711685180664062,4530600
2014-05-20,31.459999084472656,31.729999542236328,31.200000762939453,31.239999771118164,24.62497901916504,3958200
2014-05-21,31.290000915527344,31.559999465942383,31.170000076293945,31.540000915527344,24.861454010009766,2924500
2014-05-22,31.5,31.700000762939453,31.309999465942383,31.549999237060547,24.869333267211914,2302000
2014-05-23,31.469999313354492,31.559999465942383,31.280000686645508,31.479999542236328,24.81415557861328,3028000
2014-05-27,32.650001525878906,33.97999954223633,32.54999923706055,33.22999954223633,26.193599700927734,9638500
2014-05-28,33.220001220703125,33.709999084472656,33.119998931884766,33.63999938964844,26.51677894592285,5492500
2014-05-29,33.83000183105469,33.900001525878906,33.41999816894531,33.47999954223633,26.390661239624023,3925400
2014-05-30,33.36000061035156,33.83000183105469,33.279998779296875,33.81999969482422,26.658666610717773,3828200
2014-06-02,33.880001068115234,33.900001525878906,33.41999816894531,33.54999923706055,26.44583511352539,2593100
2014-06-03,33.650001525878906,35.36000061035156,33.540000915527344,34.5099983215332,27.202558517456055,8664600
2014-06-04,34.380001068115234,34.52000045776367,34.119998931884766,34.29999923706055,27.037023544311523,3161300
2014-06-05,34.380001068115234,34.68000030517578,34.33000183105469,34.560001373291016,27.241975784301758,1992800
2014-06-06,34.630001068115234,35.130001068115234,34.58000183105469,34.709999084472656,27.360206604003906,2776200
2014-06-09,34.63999938964844,34.97999954223633,34.529998779296875,34.59000015258789,27.265621185302734,2335900
2014-06-10,34.54999923706055,35.150001525878906,34.529998779296875,34.7400016784668,27.38385581970215,3122300
2014-06-11,34.720001220703125,34.7400016784668,34.04999923706055,34.150001525878906,26.918790817260742,2198500
2014-06-12,34.09000015258789,34.33000183105469,33.709999084472656,34.25,26.997617721557617,2494300
2014-06-13,34.06999969482422,34.25,33.59000015258789,34.18000030517578,26.94243812561035,4791800
2014-06-16,34.22999954223633,34.709999084472656,34.060001373291016,34.150001525878906,26.918790817260742,4740700
2014-06-17,34.13999938964844,34.2400016784668,33.90999984741211,34.189998626708984,26.950315475463867,4331400
2014-06-18,34.310001373291016,35.06999969482422,34.209999084472656,35.029998779296875,27.612449645996094,4946400
2014-06-19,35.04999923706055,35.59000015258789,34.68000030517578,34.720001220703125,27.368093490600586,5529800
2014-06-20,34.77000045776367,34.91999816894531,34.689998626708984,34.810001373291016,27.439037322998047,4186400
2014-06-23,34.72999954223633,34.88999938964844,34.45000076293945,34.599998474121094,27.273494720458984,2128000
2014-06-24,34.5,34.599998474121094,34.33000183105469,34.36000061035156,27.084318161010742,2072200
2014-06-25,34.25,34.45000076293945,34.13999938964844,34.38999938964844,27.107969284057617,2447200
2014-06-26,34.34000015258789,34.43000030517578,34.099998474121094,34.189998626708984,26.950315475463867,1779000
2014-06-27,34.130001068115234,34.2400016784668,33.88999938964844,33.9900016784668,26.792667388916016,3448900
2014-06-30,34.13999938964844,34.7599983215332,34.0,34.720001220703125,27.368093490600586,2595400
2014-07-01,34.630001068115234,34.7599983215332,34.0,34.0,26.800554275512695,2866600
2014-07-02,33.86000061035156,33.959999084472656,32.77000045776367,32.810001373291016,25.862533569335938,4236200
2014-07-03,32.63999938964844,32.63999938964844,32.33000183105469,32.5,25.61817169189453,2113500
2014-07-07,32.459999084472656,33.189998626708984,32.459999084472656,32.66999816894531,25.752172470092773,4492100
2014-07-08,32.779998779296875,33.310001373291016,32.77000045776367,33.11000061035156,26.099008560180664,3104600
2014-07-09,33.040000915527344,33.220001220703125,32.880001068115234,33.16999816894531,26.14630126953125,2628300
2014-07-10,33.04999923706055,33.34000015258789,33.040000915527344,33.18000030517578,26.15418243408203,2056900
2014-07-11,33.06999969482422,33.2599983215332,32.540000915527344,32.56999969482422,25.673351287841797,3402900
2014-07-14,32.650001525878906,32.650001525878906,31.920000076293945,31.93000030517578,25.168869018554688,3414800
2014-07-15,31.899999618530273,32.189998626708984,31.799999237060547,31.959999084472656,25.19251823425293,2572500
2014-07-16,31.989999771118164,32.22999954223633,31.899999618530273,32.22999954223633,25.405344009399414,3555700
2014-07-17,32.150001525878906,32.279998779296875,31.68000030517578,31.690000534057617,24.979692459106445,2773700
2014-07-18,31.770000457763672,31.979999542236328,31.540000915527344,31.889999389648438,25.137340545654297,2216800
2014-07-21,31.739999771118164,31.969999313354492,31.489999771118164,31.860000610351562,25.113693237304688,2587500
2014-07-22,31.889999389648438,32.0,31.610000610351562,31.6299991607666,24.93239402770996,2225600
2014-07-23,31.6299991607666,31.959999084472656,31.559999465942383,31.950000762939453,25.184635162353516,4032900
2014-07-24,31.899999618530273,32.2400016784668,31.719999313354492,32.189998626708984,25.373815536499023,3520300
2014-07-25,31.829999923706055,32.29999923706055,31.829999923706055,31.989999771118164,25.21616554260254,2915600
2014-07-28,31.93000030517578,32.439998626708984,31.889999389648438,32.40999984741211,25.547231674194336,2675200
2014-07-29,32.369998931884766,32.5,32.20000076293945,32.29999923706055,25.460521697998047,3916300
2014-07-30,32.04999923706055,32.060001373291016,31.5,31.649999618530273,24.94816017150879,9325700
2014-07-31,31.489999771118164,31.75,31.1200008392334,31.209999084472656,24.6013240814209,5129800
2014-08-01,31.1200008392334,31.5,30.920000076293945,31.1299991607666,24.538270950317383,5293300
2014-08-04,31.1299991607666,31.25,30.399999618530273,31.059999465942383,24.483083724975586,6718600
2014-08-05,30.149999618530273,32.58000183105469,29.979999542236328,31.93000030517578,25.464008331298828,10792800
2014-08-06,31.850000381469727,31.889999389648438,31.280000686645508,31.479999542236328,25.10513687133789,6625600
2014-08-07,31.639999389648438,31.899999618530273,31.299999237060547,31.450000762939453,25.081212997436523,4252000
2014-08-08,31.559999465942383,32.369998931884766,31.559999465942383,32.349998474121094,25.7989559173584,3420100
2014-08-11,32.31999969482422,32.560001373291016,32.310001373291016,32.40999984741211,25.846811294555664,3333300
2014-08-12,32.380001068115234,32.540000915527344,32.209999084472656,32.29999923706055,25.75908088684082,3660100
2014-08-13,32.290000915527344,32.470001220703125,32.16999816894531,32.40999984741211,25.846811294555664,1719800
2014-08-14,32.369998931884766,32.72999954223633,32.369998931884766,32.720001220703125,26.09403419494629,1572800
2014-08-15,32.7400016784668,33.11000061035156,32.68000030517578,32.970001220703125,26.293407440185547,2277000
2014-08-18,32.959999084472656,33.150001525878906,32.72999954223633,32.84000015258789,26.18973159790039,2029800
2014-08-19,32.86000061035156,33.22999954223633,32.79999923706055,33.20000076293945,26.47682762145996,1946400
2014-08-20,33.220001220703125,33.349998474121094,33.029998779296875,33.34000015258789,26.588481903076172,1380500
2014-08-21,33.29999923706055,33.540000915527344,33.27000045776367,33.459999084472656,26.68417739868164,1599500
2014-08-22,33.31999969482422,33.54999923706055,33.20000076293945,33.33000183105469,26.580501556396484,2463000
2014-08-25,33.47999954223633,33.83000183105469,33.47999954223633,33.68000030517578,26.8596248626709,1389800
2014-08-26,33.65999984741211,33.81999969482422,33.18000030517578,33.220001220703125,26.492780685424805,1997100
2014-08-27,33.38999938964844,33.810001373291016,33.34000015258789,33.79999923706055,26.955322265625,2488600
2014-08-28,33.75,34.029998779296875,33.59000015258789,33.9900016784668,27.106849670410156,1329400
2014-08-29,33.959999084472656,34.25,33.91999816894531,34.2400016784668,27.306224822998047,1294700
2014-09-02,34.2400016784668,34.25,33.349998474121094,33.689998626708984,26.86760139465332,2428900
2014-09-03,33.81999969482422,34.2400016784668,33.68000030517578,34.18000030517578,27.258377075195312,1682800
2014-09-04,34.08000183105469,34.18000030517578,33.81999969482422,34.02000045776367,27.130775451660156,1328100
2014-09-05,34.150001525878906,34.599998474121094,34.060001373291016,34.58000183105469,27.57737159729004,1987600
2014-09-08,34.5099983215332,34.54999923706055,34.13999938964844,34.2400016784668,27.306224822998047,1713600
2014-09-09,34.09000015258789,34.33000183105469,33.7599983215332,34.15999984741211,27.2424259185791,3376300
2014-09-10,34.0,34.15999984741211,33.709999084472656,33.959999084472656,27.082931518554688,3329300
2014-09-11,33.970001220703125,34.59000015258789,33.95000076293945,34.560001373291016,27.561426162719727,3020000
2014-09-12,34.29999923706055,34.380001068115234,33.939998626708984,34.18000030517578,27.258377075195312,2127600
2014-09-15,34.25,34.59000015258789,34.16999816894531,34.36000061035156,27.401918411254883,1626400
2014-09-16,34.349998474121094,34.95000076293945,34.220001220703125,34.79999923706055,27.752826690673828,3150500
2014-09-17,34.93000030517578,34.95000076293945,34.5099983215332,34.709999084472656,27.681041717529297,2610700
2014-09-18,34.720001220703125,34.79999923706055,34.16999816894531,34.29999923706055,27.354066848754883,2191100
2014-09-19,34.439998626708984,34.72999954223633,34.310001373291016,34.619998931884766,27.609270095825195,4189400
2014-09-22,34.599998474121094,34.79999923706055,34.31999969482422,34.63999938964844,27.62522315979004,1865600
2014-09-23,34.54999923706055,34.66999816894531,34.209999084472656,34.209999084472656,27.282297134399414,2159300
2014-09-24,34.310001373291016,34.31999969482422,33.630001068115234,33.75,26.915454864501953,3114000
2014-09-25,33.70000076293945,33.970001220703125,33.56999969482422,33.869998931884766,27.01114845275879,2867100
2014-09-26,33.959999084472656,34.04999923706055,33.65999984741211,33.97999954223633,27.098875045776367,3031200
2014-09-29,33.869998931884766,34.0,33.689998626708984,33.970001220703125,27.090898513793945,1622400
2014-09-30,33.9900016784668,34.27000045776367,33.459999084472656,33.56999969482422,26.771902084350586,3061300
2014-10-01,33.56999969482422,33.81999969482422,33.189998626708984,33.369998931884766,26.612401962280273,2852900
2014-10-02,33.310001373291016,33.56999969482422,33.220001220703125,33.459999084472656,26.68417739868164,3273900
2014-10-03,33.56999969482422,33.59000015258789,33.040000915527344,33.4900016784668,26.70810317993164,2139100
2014-10-06,33.5,33.900001525878906,33.43000030517578,33.7400016784668,26.90747833251953,3098000
2014-10-07,33.650001525878906,33.9900016784668,33.56999969482422,33.630001068115234,26.819751739501953,3305200
2014-10-08,33.650001525878906,34.70000076293945,33.56999969482422,34.599998474121094,27.593313217163086,4890500
2014-10-09,34.58000183105469,35.099998474121094,34.45000076293945,34.54999923706055,27.553451538085938,5597700
2014-10-10,34.650001525878906,35.150001525878906,34.63999938964844,34.849998474121094,27.792692184448242,3267500
2014-10-13,34.900001525878906,35.54999923706055,34.810001373291016,35.099998474121094,27.992067337036133,5146100
2014-10-14,35.130001068115234,36.02000045776367,35.0,35.560001373291016,28.35892105102539,4949100
2014-10-15,35.970001220703125,35.9900016784668,34.220001220703125,35.130001068115234,28.0159969329834,5053500
2014-10-16,34.70000076293945,34.810001373291016,34.130001068115234,34.65999984741211,27.64116859436035,2915900
2014-10-17,34.869998931884766,34.869998931884766,34.310001373291016,34.7400016784668,27.70496940612793,2295100
2014-10-20,34.720001220703125,35.119998931884766,34.66999816894531,34.939998626708984,27.86447525024414,3332900
2014-10-21,35.0099983215332,35.40999984741211,34.81999969482422,35.209999084472656,28.079797744750977,3878300
2014-10-22,35.22999954223633,35.880001068115234,35.20000076293945,35.52000045776367,28.327014923095703,4257000
2014-10-23,35.650001525878906,35.72999954223633,35.150001525878906,35.400001525878906,28.2313175201416,2810100
2014-10-24,35.540000915527344,36.34000015258789,35.400001525878906,36.27000045776367,28.925138473510742,3254700
2014-10-27,36.15999984741211,36.34000015258789,35.880001068115234,36.130001068115234,28.813495635986328,3126600
2014-10-28,36.18000030517578,36.77000045776367,36.11000061035156,36.7599983215332,29.315914154052734,2426500
2014-10-29,36.7599983215332,36.91999816894531,36.16999816894531,36.58000183105469,29.172367095947266,2360900
2014-10-30,36.72999954223633,37.54999923706055,36.61000061035156,37.5099983215332,29.914026260375977,3888800
2014-10-31,37.619998931884766,37.63999938964844,37.09000015258789,37.34000015258789,29.77845001220703,2891100
2014-11-03,37.34000015258789,37.5,37.189998626708984,37.45000076293945,29.866188049316406,2539600
2014-11-04,37.380001068115234,37.720001220703125,36.70000076293945,36.91999816894531,29.443510055541992,4193900
2014-11-05,37.0,37.310001373291016,36.599998474121094,37.099998474121094,29.87839126586914,8543300
2014-11-06,37.0,37.04999923706055,36.310001373291016,36.63999938964844,29.507938385009766,3598600
2014-11-07,36.58000183105469,37.27000045776367,36.58000183105469,37.25,29.999208450317383,3678300
2014-11-10,37.189998626708984,37.369998931884766,37.029998779296875,37.349998474121094,30.079734802246094,2761400
2014-11-11,37.220001220703125,37.45000076293945,37.099998474121094,37.290000915527344,30.031414031982422,2179200
2014-11-12,36.970001220703125,36.970001220703125,36.099998474121094,36.400001525878906,29.314661026000977,3715700
2014-11-13,36.45000076293945,36.63999938964844,36.029998779296875,36.099998474121094,29.07305145263672,2398200
2014-11-14,35.93000030517578,36.119998931884766,35.79999923706055,35.88999938964844,28.903928756713867,3155700
2014-11-17,35.81999969482422,36.43000030517578,35.689998626708984,36.36000061035156,29.28243637084961,2393800
2014-11-18,36.43000030517578,36.849998474121094,36.209999084472656,36.689998626708984,29.548206329345703,2447400
2014-11-19,36.4900016784668,37.13999938964844,36.36000061035156,37.040000915527344,29.830076217651367,2435600
2014-11-20,36.849998474121094,37.029998779296875,36.56999969482422,36.72999954223633,29.580415725708008,1638100
2014-11-21,37.04999923706055,37.380001068115234,36.779998779296875,37.209999084472656,29.96698760986328,2200900
2014-11-24,37.15999984741211,37.220001220703125,36.279998779296875,36.31999969482422,29.250226974487305,2351300
2014-11-25,36.439998626708984,36.439998626708984,36.02000045776367,36.2400016784668,29.185800552368164,2416100
2014-11-26,36.29999923706055,36.599998474121094,36.18000030517578,36.439998626708984,29.346866607666016,1581200
2014-11-28,36.540000915527344,36.9900016784668,36.540000915527344,36.880001068115234,29.701223373413086,1099900
2014-12-01,36.7400016784668,37.22999954223633,36.470001220703125,37.040000915527344,29.830076217651367,1971800
2014-12-02,36.97999954223633,37.209999084472656,36.779998779296875,37.08000183105469,29.862293243408203,1698200
2014-12-03,37.06999969482422,37.18000030517578,36.4900016784668,37.029998779296875,29.822017669677734,4529700
2014-12-04,36.97999954223633,37.16999816894531,36.7400016784668,36.95000076293945,29.757596969604492,2618100
2014-12-05,36.61000061035156,37.0099983215332,36.54999923706055,37.0,29.797861099243164,2533100
2014-12-08,36.93000030517578,37.63999938964844,36.93000030517578,37.540000915527344,30.232759475708008,3580000
2014-12-09,37.380001068115234,37.83000183105469,37.31999969482422,37.81999969482422,30.45824432373047,2217000
2014-12-10,37.79999923706055,37.9900016784668,37.2400016784668,37.25,29.999208450317383,2795600
2014-12-11,37.209999084472656,38.15999984741211,37.11000061035156,37.84000015258789,30.47435760498047,3951800
2014-12-12,37.560001373291016,37.83000183105469,37.16999816894531,37.45000076293945,30.160274505615234,2333000
2014-12-15,37.58000183105469,37.849998474121094,37.25,37.38999938964844,30.111949920654297,3784200
2014-12-16,37.25,37.849998474121094,36.790000915527344,37.189998626708984,29.95088005065918,2792700
2014-12-17,37.40999984741211,38.150001525878906,37.279998779296875,38.060001373291016,30.65152931213379,2761100
2014-12-18,38.099998474121094,38.84000015258789,37.9900016784668,38.790000915527344,31.23943328857422,2919400
2014-12-19,38.88999938964844,39.18000030517578,38.439998626708984,38.720001220703125,31.183059692382812,5484900
2014-12-22,37.86000061035156,38.349998474121094,37.79999923706055,38.220001220703125,30.780391693115234,3591000
2014-12-23,38.36000061035156,39.16999816894531,38.220001220703125,39.0099983215332,31.416608810424805,2341900
2014-12-24,39.13999938964844,39.86000061035156,39.029998779296875,39.7400016784668,32.00452423095703,2364300
2014-12-26,39.86000061035156,40.56999969482422,39.79999923706055,40.0,32.21390914916992,2750800
2014-12-29,40.029998779296875,40.84000015258789,40.029998779296875,40.77000045776367,32.83403015136719,2952600
2014-12-30,40.7599983215332,40.7599983215332,40.08000183105469,40.18000030517578,32.358863830566406,2049000
2014-12-31,40.27000045776367,40.43000030517578,38.9900016784668,38.9900016784668,31.400508880615234,3090600
2015-01-02,39.099998474121094,39.279998779296875,38.63999938964844,39.20000076293945,31.569622039794922,2354900
2015-01-05,39.0,39.06999969482422,38.0099983215332,38.150001525878906,30.72401237487793,3065900
2015-01-06,38.31999969482422,38.7599983215332,38.130001068115234,38.349998474121094,30.885082244873047,3676400
2015-01-07,38.41999816894531,38.95000076293945,38.189998626708984,38.66999816894531,31.142791748046875,2374400
2015-01-08,38.81999969482422,39.16999816894531,38.70000076293945,39.02000045776367,31.42466926574707,2114400
2015-01-09,39.08000183105469,39.18000030517578,38.540000915527344,38.970001220703125,31.384395599365234,3185800
2015-01-12,38.959999084472656,39.18000030517578,38.220001220703125,38.459999084472656,30.97366714477539,3076100
2015-01-13,37.97999954223633,39.189998626708984,37.93000030517578,38.630001068115234,31.110576629638672,3724800
2015-01-14,38.540000915527344,39.599998474121094,38.36000061035156,39.54999923706055,31.85150909423828,4423400
2015-01-15,39.7400016784668,40.27000045776367,39.58000183105469,39.93000030517578,32.157535552978516,5361400
2015-01-16,39.970001220703125,41.0,39.810001373291016,40.91999816894531,32.95482635498047,3786100
2015-01-20,40.97999954223633,41.0,40.41999816894531,40.959999084472656,32.98703384399414,2661000
2015-01-21,40.77000045776367,41.47999954223633,40.560001373291016,41.29999923706055,33.2608528137207,2598600
2015-01-22,41.459999084472656,41.68000030517578,40.599998474121094,40.880001068115234,32.922611236572266,2469900
2015-01-23,40.9900016784668,41.540000915527344,40.849998474121094,41.22999954223633,33.20448303222656,1830000
2015-01-26,41.119998931884766,41.439998626708984,40.90999984741211,41.349998474121094,33.301116943359375,1725900
2015-01-27,41.189998626708984,41.59000015258789,41.11000061035156,41.130001068115234,33.12395477294922,1749800
2015-01-28,41.18000030517578,41.54999923706055,40.63999938964844,40.7400016784668,32.80986785888672,2628100
2015-01-29,40.65999984741211,41.56999969482422,40.4900016784668,41.369998931884766,33.317237854003906,3192200
2015-01-30,41.130001068115234,41.290000915527344,40.29999923706055,40.33000183105469,32.47966766357422,3144400
2015-02-02,40.380001068115234,40.650001525878906,39.88999938964844,40.349998474121094,32.49577713012695,2946700
2015-02-03,40.25,40.529998779296875,39.93000030517578,40.439998626708984,32.568267822265625,2697900
2015-02-04,39.970001220703125,40.43000030517578,39.779998779296875,40.15999984741211,32.633262634277344,4782900
2015-02-05,40.33000183105469,41.22999954223633,40.029998779296875,41.029998779296875,33.340213775634766,3836200
2015-02-06,40.90999984741211,40.90999984741211,38.75,38.939998626708984,31.64191436767578,4616100
2015-02-09,38.939998626708984,38.939998626708984,37.77000045776367,37.95000076293945,30.837459564208984,3225800
2015-02-10,37.959999084472656,38.72999954223633,37.810001373291016,38.619998931884766,31.38188934326172,2548900
2015-02-11,38.33000183105469,38.369998931884766,37.470001220703125,37.54999923706055,30.512428283691406,2872100
2015-02-12,37.59000015258789,37.68000030517578,37.060001373291016,37.16999816894531,30.203643798828125,3324900
2015-02-13,37.04999923706055,37.41999816894531,36.72999954223633,37.22999954223633,30.25240135192871,4170100
2015-02-17,37.11000061035156,37.63999938964844,36.619998931884766,36.93000030517578,30.008623123168945,5519000
2015-02-18,36.150001525878906,36.2400016784668,34.68000030517578,36.11000061035156,29.342309951782227,11024900
2015-02-19,36.36000061035156,36.45000076293945,36.0099983215332,36.22999954223633,29.4398250579834,3284400
2015-02-20,36.189998626708984,36.27000045776367,35.56999969482422,35.849998474121094,29.131040573120117,5105200
2015-02-23,35.959999084472656,36.150001525878906,35.56999969482422,35.599998474121094,28.92789077758789,4354700
2015-02-24,35.63999938964844,36.279998779296875,35.58000183105469,36.06999969482422,29.309812545776367,3898200
2015-02-25,36.029998779296875,36.56999969482422,35.77000045776367,35.849998474121094,29.131040573120117,5528400
2015-02-26,36.0,36.040000915527344,35.560001373291016,35.61000061035156,28.93602752685547,3199200
2015-02-27,35.54999923706055,35.599998474121094,34.93000030517578,34.97999954223633,28.42409896850586,4962100
2015-03-02,35.20000076293945,35.20000076293945,34.16999816894531,34.290000915527344,27.86341667175293,3374400
2015-03-03,34.58000183105469,34.58000183105469,34.02000045776367,34.36000061035156,27.920291900634766,2217700
2015-03-04,34.209999084472656,34.380001068115234,34.099998474121094,34.310001373291016,27.879671096801758,3277200
2015-03-05,34.4900016784668,34.83000183105469,34.45000076293945,34.75,28.237199783325195,4385000
2015-03-06,34.29999923706055,34.29999923706055,33.81999969482422,34.099998474121094,27.709026336669922,4500500
2015-03-09,34.060001373291016,34.40999984741211,33.97999954223633,34.150001525878906,27.749652862548828,3252800
2015-03-10,34.08000183105469,34.650001525878906,33.959999084472656,34.400001525878906,27.952800750732422,3647300
2015-03-11,34.34000015258789,34.470001220703125,34.040000915527344,34.16999816894531,27.765899658203125,2806000
2015-03-12,34.400001525878906,35.34000015258789,34.31999969482422,35.150001525878906,28.562231063842773,4105000
2015-03-13,34.9900016784668,35.0,34.130001068115234,34.599998474121094,28.11530876159668,4218900
2015-03-16,34.75,35.369998931884766,34.66999816894531,35.11000061035156,28.529727935791016,3319900
2015-03-17,35.0,35.34000015258789,34.88999938964844,35.060001373291016,28.48910140991211,3346700
2015-03-18,35.06999969482422,36.310001373291016,35.0,36.11000061035156,29.342309951782227,4647200
2015-03-19,35.970001220703125,36.43000030517578,35.650001525878906,35.939998626708984,29.20416831970215,3264800
2015-03-20,36.130001068115234,36.45000076293945,35.9900016784668,36.380001068115234,29.56170654296875,7294200
2015-03-23,36.380001068115234,36.56999969482422,36.27000045776367,36.380001068115234,29.56170654296875,1996700
2015-03-24,36.34000015258789,36.439998626708984,35.59000015258789,35.70000076293945,29.009151458740234,2757600
2015-03-25,35.720001220703125,35.95000076293945,34.880001068115234,34.91999816894531,28.375341415405273,3610500
2015-03-26,34.91999816894531,35.060001373291016,34.380001068115234,34.709999084472656,28.204696655273438,4458300
2015-03-27,34.650001525878906,35.0,34.439998626708984,34.63999938964844,28.147817611694336,4655400
2015-03-30,35.040000915527344,35.790000915527344,34.93000030517578,35.5099983215332,28.854761123657227,4214900
2015-03-31,35.470001220703125,35.68000030517578,34.7599983215332,35.060001373291016,28.48910140991211,4200600
2015-04-01,34.689998626708984,34.79999923706055,34.06999969482422,34.4900016784668,28.025938034057617,6073000
2015-04-02,34.4900016784668,35.45000076293945,34.459999084472656,35.34000015258789,28.716623306274414,3993100
2015-04-06,35.400001525878906,35.88999938964844,35.279998779296875,35.779998779296875,29.074153900146484,2914500
2015-04-07,36.029998779296875,36.209999084472656,35.77000045776367,35.810001373291016,29.098539352416992,3412500
2015-04-08,35.84000015258789,35.88999938964844,35.459999084472656,35.650001525878906,28.96852684020996,3241600
2015-04-09,35.56999969482422,35.86000061035156,35.220001220703125,35.709999084472656,29.017282485961914,3196100
2015-04-10,35.7400016784668,36.40999984741211,35.59000015258789,36.25,29.456071853637695,2966700
2015-04-13,35.97999954223633,36.060001373291016,35.66999816894531,35.689998626708984,29.001028060913086,2438600
2015-04-14,35.70000076293945,35.880001068115234,35.5,35.7400016784668,29.041656494140625,1974600
2015-04-15,35.810001373291016,36.15999984741211,35.720001220703125,35.7400016784668,29.041656494140625,1914400
2015-04-16,35.59000015258789,35.70000076293945,34.91999816894531,35.25,28.643495559692383,2833800
2015-04-17,35.029998779296875,35.380001068115234,34.959999084472656,35.06999969482422,28.497224807739258,1519600
2015-04-20,35.459999084472656,36.29999923706055,35.459999084472656,36.099998474121094,29.334186553955078,4196600
2015-04-21,36.15999984741211,36.45000076293945,35.189998626708984,35.4900016784668,28.83851432800293,2896800
2015-04-22,35.54999923706055,35.59000015258789,35.16999816894531,35.5,28.846637725830078,2674600
2015-04-23,35.47999954223633,35.869998931884766,35.45000076293945,35.599998474121094,28.92789077758789,2646800
2015-04-24,35.61000061035156,36.58000183105469,35.540000915527344,36.31999969482422,29.51295280456543,5399100
2015-04-27,36.45000076293945,36.59000015258789,35.95000076293945,36.2400016784668,29.447946548461914,2709900
2015-04-28,36.09000015258789,36.369998931884766,35.84000015258789,36.36000061035156,29.545452117919922,1986800
2015-04-29,36.09000015258789,36.45000076293945,35.83000183105469,36.34000015258789,29.529207229614258,1911000
2015-04-30,36.209999084472656,36.290000915527344,35.650001525878906,35.90999984741211,29.17978858947754,2794400
2015-05-01,36.09000015258789,36.5,35.90999984741211,36.25,29.456071853637695,3148600
2015-05-04,36.29999923706055,37.04999923706055,36.25,36.650001525878906,29.78110122680664,2655100
2015-05-05,36.150001525878906,36.2599983215332,35.189998626708984,35.310001373291016,28.976882934570312,2354500
2015-05-06,35.29999923706055,35.459999084472656,34.400001525878906,34.83000183105469,28.582969665527344,2795000
2015-05-07,35.0,35.13999938964844,34.689998626708984,34.75,28.517316818237305,2063400
2015-05-08,35.18000030517578,35.529998779296875,34.880001068115234,35.09000015258789,28.79633903503418,1649400
2015-05-11,35.0,35.5,34.88999938964844,34.939998626708984,28.67324447631836,1820300
2015-05-12,34.70000076293945,35.040000915527344,34.59000015258789,34.86000061035156,28.607585906982422,1796100
2015-05-13,34.90999984741211,35.11000061035156,34.369998931884766,34.540000915527344,28.344980239868164,1731800
2015-05-14,34.72999954223633,35.08000183105469,34.72999954223633,34.95000076293945,28.681442260742188,1868300
2015-05-15,35.060001373291016,35.529998779296875,35.0099983215332,35.2400016784668,28.919429779052734,2766000
2015-05-18,35.16999816894531,35.40999984741211,35.06999969482422,35.33000183105469,28.993289947509766,2078500
2015-05-19,35.16999816894531,35.59000015258789,35.040000915527344,35.5,29.132801055908203,2032700
2015-05-20,35.599998474121094,36.099998474121094,35.540000915527344,35.83000183105469,29.403614044189453,2867500
2015-05-21,35.81999969482422,36.15999984741211,35.689998626708984,35.91999816894531,29.47746467590332,3484300
2015-05-22,35.790000915527344,36.15999984741211,35.54999923706055,36.0099983215332,29.551328659057617,3409500
2015-05-26,36.0099983215332,36.02000045776367,35.4900016784668,35.75,29.337961196899414,1894100
2015-05-27,35.939998626708984,36.16999816894531,35.709999084472656,35.86000061035156,29.42823028564453,2272000
2015-05-28,35.869998931884766,36.27000045776367,35.84000015258789,36.06999969482422,29.600568771362305,2274800
2015-05-29,36.15999984741211,36.25,35.630001068115234,35.68000030517578,29.2805118560791,2950700
2015-06-01,35.810001373291016,35.900001525878906,35.400001525878906,35.599998474121094,29.214859008789062,2555300
2015-06-02,35.43000030517578,35.52000045776367,34.75,35.0099983215332,28.730682373046875,2156900
2015-06-03,35.0,35.150001525878906,34.2400016784668,34.47999954223633,28.29574203491211,2182900
2015-06-04,34.349998474121094,34.939998626708984,34.31999969482422,34.54999923706055,28.353191375732422,2506200
2015-06-05,34.150001525878906,34.43000030517578,33.880001068115234,34.400001525878906,28.23009490966797,2940800
2015-06-08,34.33000183105469,34.56999969482422,34.18000030517578,34.29999923706055,28.148025512695312,2041800
2015-06-09,34.20000076293945,34.349998474121094,33.880001068115234,33.91999816894531,27.836181640625,2557000
2015-06-10,34.25,34.790000915527344,34.22999954223633,34.540000915527344,28.344980239868164,4708100
2015-06-11,34.7599983215332,34.84000015258789,34.20000076293945,34.52000045776367,28.328575134277344,2164800
2015-06-12,34.369998931884766,34.369998931884766,33.66999816894531,33.66999816894531,27.63102149963379,2492200
2015-06-15,33.61000061035156,33.65999984741211,33.16999816894531,33.290000915527344,27.31917953491211,2736200
2015-06-16,33.290000915527344,33.40999984741211,33.0,33.36000061035156,27.37662696838379,1910800
2015-06-17,33.349998474121094,33.619998931884766,32.97999954223633,33.43000030517578,27.434070587158203,3586500
2015-06-18,33.5099983215332,34.13999938964844,33.5,34.040000915527344,27.934661865234375,3111300
2015-06-19,34.02000045776367,34.2400016784668,33.75,33.79999923706055,27.737703323364258,3378100
2015-06-22,33.95000076293945,34.060001373291016,33.630001068115234,33.689998626708984,27.647436141967773,2041300
2015-06-23,33.7599983215332,33.790000915527344,33.16999816894531,33.27000045776367,27.302766799926758,2537600
2015-06-24,33.25,33.349998474121094,33.0,33.0,27.081193923950195,2059700
2015-06-25,33.040000915527344,33.13999938964844,32.83000183105469,32.86000061035156,26.9663028717041,2219400
2015-06-26,32.86000061035156,33.04999923706055,32.56999969482422,32.75,26.87603759765625,2285200
2015-06-29,32.68000030517578,33.380001068115234,32.59000015258789,32.61000061035156,26.761144638061523,2493200
2015-06-30,32.689998626708984,32.810001373291016,32.459999084472656,32.54999923706055,26.711904525756836,2313500
2015-07-01,32.65999984741211,32.83000183105469,32.529998779296875,32.810001373291016,26.92527198791504,1796100
2015-07-02,33.09000015258789,33.40999984741211,32.959999084472656,33.209999084472656,27.25352668762207,1411100
2015-07-06,33.13999938964844,33.52000045776367,32.869998931884766,33.310001373291016,27.335594177246094,1944200
2015-07-07,33.43000030517578,34.18000030517578,33.38999938964844,34.060001373291016,27.951074600219727,2727200
2015-07-08,33.88999938964844,34.15999984741211,33.709999084472656,33.790000915527344,27.729501724243164,2412300
2015-07-09,33.90999984741211,34.13999938964844,33.33000183105469,33.470001220703125,27.466899871826172,1615700
2015-07-10,33.630001068115234,33.93000030517578,33.41999816894531,33.65999984741211,27.62281608581543,1477500
2015-07-13,33.779998779296875,33.84000015258789,33.43000030517578,33.66999816894531,27.63102149963379,1555100
2015-07-14,33.66999816894531,33.880001068115234,33.439998626708984,33.619998931884766,27.58999252319336,1471400
2015-07-15,33.54999923706055,33.869998931884766,33.43000030517578,33.86000061035156,27.786943435668945,1690100
2015-07-16,33.900001525878906,34.72999954223633,33.790000915527344,34.689998626708984,28.468074798583984,3000700
2015-07-17,34.560001373291016,34.599998474121094,34.27000045776367,34.400001525878906,28.23009490966797,2069000
2015-07-20,34.400001525878906,34.41999816894531,33.7599983215332,33.970001220703125,27.877214431762695,1858600
2015-07-21,33.86000061035156,33.95000076293945,33.189998626708984,33.279998779296875,27.310977935791016,1900800
2015-07-22,33.369998931884766,33.61000061035156,33.189998626708984,33.31999969482422,27.343795776367188,2148000
2015-07-23,32.900001525878906,32.970001220703125,32.099998474121094,32.31999969482422,26.523160934448242,4774800
2015-07-24,32.349998474121094,32.52000045776367,32.2599983215332,32.290000915527344,26.498537063598633,2119700
2015-07-27,32.2400016784668,32.93000030517578,32.2400016784668,32.75,26.87603759765625,1457600
2015-07-28,32.72999954223633,32.900001525878906,32.540000915527344,32.79999923706055,26.91706657409668,2090400
2015-07-29,32.70000076293945,32.810001373291016,32.31999969482422,32.61000061035156,26.761144638061523,2382500
2015-07-30,32.47999954223633,32.9900016784668,32.45000076293945,32.959999084472656,27.048370361328125,2516700
2015-07-31,33.150001525878906,34.119998931884766,33.150001525878906,33.959999084472656,27.869014739990234,3450300
2015-08-03,34.02000045776367,34.470001220703125,33.939998626708984,34.43000030517578,28.254711151123047,2964400
2015-08-04,34.369998931884766,34.56999969482422,33.650001525878906,33.709999084472656,27.663846969604492,3115300
2015-08-05,33.4900016784668,33.939998626708984,33.470001220703125,33.560001373291016,27.838048934936523,2203300
2015-08-06,33.61000061035156,34.0,33.279998779296875,33.970001220703125,28.178136825561523,2660300
2015-08-07,33.93000030517578,34.599998474121094,33.7400016784668,34.2599983215332,28.41869354248047,2765600
2015-08-10,34.31999969482422,34.540000915527344,34.029998779296875,34.130001068115234,28.310863494873047,1855100
2015-08-11,34.130001068115234,34.650001525878906,34.130001068115234,34.189998626708984,28.360626220703125,2166400
2015-08-12,34.13999938964844,34.65999984741211,34.0099983215332,34.61000061035156,28.709026336669922,3557800
2015-08-13,34.470001220703125,34.540000915527344,34.20000076293945,34.45000076293945,28.57630157470703,2394500
2015-08-14,34.439998626708984,34.790000915527344,34.31999969482422,34.790000915527344,28.85832977294922,3647700
2015-08-17,34.81999969482422,35.09000015258789,34.720001220703125,34.869998931884766,28.924694061279297,2633900
2015-08-18,34.72999954223633,34.86000061035156,34.43000030517578,34.650001525878906,28.74220085144043,3120200
2015-08-19,34.52000045776367,35.04999923706055,34.43000030517578,34.880001068115234,28.932987213134766,2838500
2015-08-20,34.63999938964844,34.97999954223633,34.34000015258789,34.380001068115234,28.51823616027832,3124300
2015-08-21,34.27000045776367,34.529998779296875,33.900001525878906,33.9900016784668,28.19472885131836,4225700
2015-08-24,32.720001220703125,33.869998931884766,32.5099983215332,32.7400016784668,27.15785789489746,7278000
2015-08-25,33.45000076293945,33.4900016784668,31.709999084472656,31.719999313354492,26.311767578125,4958100
2015-08-26,32.150001525878906,32.2599983215332,31.469999313354492,32.13999938964844,26.660152435302734,5280700
2015-08-27,32.400001525878906,32.52000045776367,32.02000045776367,32.5099983215332,26.96706771850586,4199600
2015-08-28,32.400001525878906,32.5,31.899999618530273,32.4900016784668,26.950477600097656,3852200
2015-08-31,32.34000015258789,32.38999938964844,31.530000686645508,31.959999084472656,26.510845184326172,3672700
2015-09-01,31.700000762939453,32.13999938964844,30.760000228881836,30.979999542236328,25.697933197021484,3378100
2015-09-02,31.280000686645508,31.440000534057617,30.34000015258789,30.860000610351562,25.598392486572266,6401400
2015-09-03,30.93000030517578,31.309999465942383,30.790000915527344,31.25,25.92189598083496,5387500
2015-09-04,30.899999618530273,31.030000686645508,30.479999542236328,30.59000015258789,25.37442398071289,2929300
2015-09-08,31.020000457763672,31.219999313354492,30.81999969482422,31.18000030517578,25.863832473754883,2997900
2015-09-09,31.389999389648438,31.43000030517578,30.719999313354492,30.780000686645508,25.532032012939453,3137900
2015-09-10,30.739999771118164,31.100000381469727,30.510000228881836,30.56999969482422,25.35783576965332,3680000
2015-09-11,30.610000610351562,30.760000228881836,30.459999084472656,30.59000015258789,25.37442398071289,4114300
2015-09-14,30.68000030517578,31.1200008392334,30.649999618530273,30.8799991607666,25.6149845123291,3766200
2015-09-15,30.93000030517578,31.34000015258789,30.649999618530273,31.190000534057617,25.872127532958984,3405900
2015-09-16,31.200000762939453,31.959999084472656,31.100000381469727,31.579999923706055,26.195634841918945,3499600
2015-09-17,31.579999923706055,32.16999816894531,31.450000762939453,31.719999313354492,26.311767578125,3280900
2015-09-18,31.389999389648438,31.8799991607666,31.059999465942383,31.1299991607666,25.82235336303711,5285600
2015-09-21,31.25,31.56999969482422,31.170000076293945,31.350000381469727,26.004850387573242,3487700
2015-09-22,31.549999237060547,31.600000381469727,30.709999084472656,30.899999618530273,25.631576538085938,3982100
2015-09-23,30.950000762939453,31.030000686645508,30.450000762939453,30.469999313354492,25.274887084960938,3491800
2015-09-24,30.389999389648438,30.770000457763672,30.309999465942383,30.719999313354492,25.482261657714844,3214100
2015-09-25,30.790000915527344,31.290000915527344,30.469999313354492,31.040000915527344,25.747705459594727,3095500
2015-09-28,31.020000457763672,31.280000686645508,30.889999389648438,30.90999984741211,25.639867782592773,2465600
2015-09-29,30.940000534057617,31.1200008392334,30.639999389648438,30.829999923706055,25.573509216308594,1821800
2015-09-30,30.959999084472656,31.34000015258789,30.860000610351562,31.309999465942383,25.97166633605957,3293800
2015-10-01,31.360000610351562,31.489999771118164,30.280000686645508,30.59000015258789,25.37442398071289,2883000
2015-10-02,30.709999084472656,31.049999237060547,30.440000534057617,30.950000762939453,25.673049926757812,2324300
2015-10-05,31.049999237060547,31.829999923706055,31.049999237060547,31.600000381469727,26.212223052978516,4347700
2015-10-06,31.489999771118164,31.649999618530273,30.969999313354492,31.149999618530273,25.838945388793945,2415600
2015-10-07,31.200000762939453,31.360000610351562,30.969999313354492,31.030000686645508,25.739408493041992,3225100
2015-10-08,30.989999771118164,31.440000534057617,30.920000076293945,31.34000015258789,25.996551513671875,3548300
2015-10-09,31.350000381469727,31.559999465942383,31.239999771118164,31.559999465942383,26.17904281616211,4719500
2015-10-12,31.700000762939453,32.56999969482422,31.670000076293945,32.400001525878906,26.875823974609375,4878800
2015-10-13,32.5099983215332,32.65999984741211,32.209999084472656,32.33000183105469,26.817758560180664,4691700
2015-10-14,32.38999938964844,32.779998779296875,32.2400016784668,32.5,26.958770751953125,4124700
2015-10-15,32.63999938964844,32.869998931884766,32.459999084472656,32.7400016784668,27.15785789489746,4098300
2015-10-16,32.959999084472656,33.0,32.43000030517578,32.5,26.958770751953125,3238000
2015-10-19,32.58000183105469,32.63999938964844,32.06999969482422,32.220001220703125,26.726512908935547,3009700
2015-10-20,32.20000076293945,32.66999816894531,32.08000183105469,32.630001068115234,27.066606521606445,5134500
2015-10-21,32.68000030517578,32.810001373291016,32.189998626708984,32.2400016784668,26.74310302734375,2491600
2015-10-22,32.349998474121094,32.779998779296875,32.0099983215332,32.5099983215332,26.96706771850586,3555900
2015-10-23,32.5,32.54999923706055,31.6200008392334,31.670000076293945,26.270286560058594,2973300
2015-10-26,31.799999237060547,31.850000381469727,31.030000686645508,31.290000915527344,25.955076217651367,3580500
2015-10-27,31.280000686645508,31.389999389648438,30.889999389648438,31.190000534057617,25.872127532958984,2109400
2015-10-28,31.200000762939453,31.360000610351562,30.469999313354492,30.84000015258789,25.581806182861328,2504200
2015-10-29,30.739999771118164,30.860000610351562,30.139999389648438,30.81999969482422,25.565210342407227,2896800
2015-10-30,31.09000015258789,31.489999771118164,30.809999465942383,31.200000762939453,25.880422592163086,4703400
2015-11-02,31.209999084472656,31.329999923706055,30.709999084472656,31.15999984741211,25.847240447998047,3968600
2015-11-03,31.149999618530273,31.309999465942383,30.510000228881836,31.06999969482422,25.772586822509766,4411000
2015-11-04,30.670000076293945,31.09000015258789,30.6200008392334,30.989999771118164,26.007570266723633,4965400
2015-11-05,30.940000534057617,30.979999542236328,30.31999969482422,30.399999618530273,25.51242446899414,3051900
2015-11-06,30.010000228881836,30.079999923706055,29.049999237060547,29.290000915527344,24.58088493347168,4014400
2015-11-09,29.170000076293945,29.31999969482422,28.889999389648438,29.1200008392334,24.438220977783203,4137800
2015-11-10,29.15999984741211,29.739999771118164,29.1200008392334,29.479999542236328,24.740341186523438,2692400
2015-11-11,29.579999923706055,30.219999313354492,29.479999542236328,30.209999084472656,25.35297203063965,4753300
2015-11-12,30.1200008392334,30.649999618530273,30.059999465942383,30.15999984741211,25.31101417541504,5323900
2015-11-13,30.200000762939453,30.75,30.149999618530273,30.600000381469727,25.680274963378906,5315900
2015-11-16,30.540000915527344,30.75,30.270000457763672,30.440000534057617,25.54599952697754,2940600
2015-11-17,30.479999542236328,30.799999237060547,30.010000228881836,30.059999465942383,25.22709083557129,2805300
2015-11-18,30.059999465942383,30.479999542236328,29.6200008392334,30.40999984741211,25.52082061767578,5757100
2015-11-19,30.68000030517578,31.260000228881836,30.68000030517578,31.209999084472656,26.192195892333984,4304700
2015-11-20,31.329999923706055,31.520000457763672,30.8799991607666,31.489999771118164,26.427181243896484,4956800
2015-11-23,31.540000915527344,31.739999771118164,31.139999389648438,31.170000076293945,26.158632278442383,3412200
2015-11-24,31.0,31.270000457763672,30.84000015258789,31.15999984741211,26.150238037109375,2865100
2015-11-25,31.1299991607666,31.15999984741211,30.59000015258789,30.93000030517578,25.957218170166016,2950500
2015-11-27,30.950000762939453,31.290000915527344,30.899999618530273,31.149999618530273,26.141843795776367,1532800
2015-11-30,31.100000381469727,31.459999084472656,30.920000076293945,31.389999389648438,26.343257904052734,5856400
2015-12-01,31.59000015258789,32.459999084472656,31.510000228881836,32.27000045776367,27.081775665283203,9374800
2015-12-02,32.27000045776367,32.540000915527344,31.670000076293945,31.979999542236328,26.83839988708496,7020100
2015-12-03,32.09000015258789,32.34000015258789,31.799999237060547,32.04999923706055,26.897146224975586,6835300
2015-12-04,32.2400016784668,32.9900016784668,32.09000015258789,32.81999969482422,27.543346405029297,5983600
2015-12-07,32.7400016784668,32.880001068115234,32.400001525878906,32.47999954223633,27.258012771606445,5451000
2015-12-08,32.33000183105469,32.5,31.700000762939453,31.899999618530273,26.771263122558594,4816100
2015-12-09,31.649999618530273,32.45000076293945,31.600000381469727,32.04999923706055,26.897146224975586,4889100
2015-12-10,32.06999969482422,32.06999969482422,31.520000457763672,31.549999237060547,26.477535247802734,3463900
2015-12-11,31.31999969482422,31.690000534057617,31.110000610351562,31.459999084472656,26.40200424194336,3152100
2015-12-14,31.56999969482422,31.65999984741211,30.790000915527344,30.979999542236328,25.99917984008789,4878300
2015-12-15,31.18000030517578,31.329999923706055,30.940000534057617,31.1299991607666,26.125057220458984,5134300
2015-12-16,31.329999923706055,31.770000457763672,31.329999923706055,31.639999389648438,26.553070068359375,5139000
2015-12-17,31.639999389648438,31.780000686645508,31.329999923706055,31.530000686645508,26.460750579833984,5139700
2015-12-18,31.360000610351562,31.399999618530273,30.90999984741211,31.010000228881836,26.024354934692383,5473400
2015-12-21,31.219999313354492,31.270000457763672,30.920000076293945,31.06999969482422,26.074708938598633,4189200
2015-12-22,31.170000076293945,31.760000228881836,30.989999771118164,31.719999313354492,26.620206832885742,3721500
2015-12-23,31.809999465942383,32.529998779296875,31.809999465942383,32.470001220703125,27.24962615966797,2763400
2015-12-24,32.40999984741211,32.75,32.349998474121094,32.599998474121094,27.358722686767578,1601800
2015-12-28,32.5,32.72999954223633,32.22999954223633,32.63999938964844,27.392292022705078,2030300
2015-12-29,32.709999084472656,32.810001373291016,32.47999954223633,32.599998474121094,27.358722686767578,2682000
2015-12-30,32.599998474121094,32.68000030517578,32.279998779296875,32.290000915527344,27.098560333251953,2703700
2015-12-31,32.25,32.349998474121094,31.459999084472656,31.729999542236328,26.628597259521484,4037000
2016-01-04,31.520000457763672,31.6299991607666,31.219999313354492,31.5,26.435571670532227,4524900
2016-01-05,31.6299991607666,31.639999389648438,30.940000534057617,31.540000915527344,26.469144821166992,5204200
2016-01-06,31.31999969482422,32.0099983215332,31.18000030517578,31.850000381469727,26.729305267333984,3822700
2016-01-07,31.520000457763672,31.770000457763672,30.889999389648438,31.0,26.015960693359375,4218400
2016-01-08,31.020000457763672,31.770000457763672,30.979999542236328,31.59000015258789,26.511106491088867,5032000
2016-01-11,31.700000762939453,32.25,31.610000610351562,32.06999969482422,26.91393280029297,5003400
2016-01-12,32.20000076293945,32.290000915527344,31.59000015258789,32.18000030517578,27.006250381469727,5130600
2016-01-13,32.209999084472656,32.400001525878906,31.40999984741211,31.5,26.435571670532227,3781000
2016-01-14,31.600000381469727,32.79999923706055,31.34000015258789,32.560001373291016,27.32515525817871,4568100
2016-01-15,32.16999816894531,32.470001220703125,31.389999389648438,31.829999923706055,26.712520599365234,5544400
2016-01-19,31.920000076293945,32.58000183105469,31.709999084472656,32.4900016784668,27.26640510559082,4446500
2016-01-20,32.2599983215332,32.34000015258789,30.670000076293945,31.1200008392334,26.116670608520508,5776800
2016-01-21,31.149999618530273,31.639999389648438,30.6200008392334,31.299999237060547,26.26772689819336,5237200
2016-01-22,31.579999923706055,32.380001068115234,31.350000381469727,32.279998779296875,27.090166091918945,3477500
2016-01-25,32.279998779296875,32.31999969482422,31.780000686645508,31.81999969482422,26.70412826538086,3435700
2016-01-26,31.860000610351562,32.52000045776367,31.770000457763672,32.08000183105469,26.922325134277344,2931400
2016-01-27,31.959999084472656,32.34000015258789,31.600000381469727,31.920000076293945,26.788047790527344,2282400
2016-01-28,31.950000762939453,32.400001525878906,31.790000915527344,32.13999938964844,26.97267723083496,4022000
2016-01-29,32.41999816894531,33.11000061035156,32.349998474121094,33.060001373291016,27.744766235351562,4361600
2016-02-01,32.9900016784668,33.279998779296875,32.900001525878906,33.04999923706055,27.73636817932129,4077500
2016-02-02,32.70000076293945,33.119998931884766,32.61000061035156,32.970001220703125,27.669235229492188,4781800
2016-02-03,32.81999969482422,33.720001220703125,32.619998931884766,33.52000045776367,28.441364288330078,5704900
2016-02-04,33.540000915527344,33.61000061035156,33.20000076293945,33.25,28.212265014648438,3988200
2016-02-05,33.08000183105469,34.209999084472656,32.90999984741211,33.70000076293945,28.594091415405273,5779700
2016-02-08,33.5099983215332,33.900001525878906,32.68000030517578,33.20000076293945,28.169843673706055,5823700
2016-02-09,33.040000915527344,33.5,32.72999954223633,33.31999969482422,28.27165985107422,3205700
2016-02-10,33.18000030517578,33.79999923706055,32.86000061035156,33.630001068115234,28.534692764282227,2842400
2016-02-11,33.310001373291016,33.56999969482422,32.560001373291016,32.810001373291016,27.838932037353516,2849200
2016-02-12,32.849998474121094,33.11000061035156,32.529998779296875,32.880001068115234,27.898330688476562,3537200
2016-02-16,33.09000015258789,33.470001220703125,32.790000915527344,33.459999084472656,28.39044952392578,3599900
2016-02-17,33.20000076293945,33.349998474121094,32.16999816894531,32.27000045776367,27.380746841430664,5985400
2016-02-18,32.5099983215332,34.130001068115234,32.369998931884766,33.93000030517578,28.789241790771484,6542400
2016-02-19,33.81999969482422,33.81999969482422,32.79999923706055,32.970001220703125,27.97469139099121,5481600
2016-02-22,33.150001525878906,33.41999816894531,32.93000030517578,33.33000183105469,28.2801456451416,3127700
2016-02-23,33.31999969482422,33.59000015258789,32.93000030517578,33.040000915527344,28.03408432006836,3624000
2016-02-24,33.0,33.16999816894531,32.400001525878906,32.70000076293945,27.74559783935547,5005900
2016-02-25,32.93000030517578,33.9900016784668,32.779998779296875,33.95000076293945,28.80621337890625,4621300
2016-02-26,33.939998626708984,34.060001373291016,32.650001525878906,32.81999969482422,27.847414016723633,4848200
2016-02-29,32.81999969482422,33.720001220703125,32.650001525878906,33.470001220703125,28.39893913269043,4294600
2016-03-01,33.58000183105469,33.790000915527344,33.27000045776367,33.45000076293945,28.381969451904297,3581400
2016-03-02,33.29999923706055,33.7400016784668,32.56999969482422,33.709999084472656,28.602569580078125,2619300
2016-03-03,33.65999984741211,34.130001068115234,33.34000015258789,33.97999954223633,28.831663131713867,2634200
2016-03-04,33.72999954223633,34.7400016784668,33.529998779296875,34.560001373291016,29.323795318603516,2739400
2016-03-07,34.43000030517578,35.13999938964844,34.34000015258789,35.11000061035156,29.790456771850586,2645900
2016-03-08,35.119998931884766,35.77000045776367,34.709999084472656,35.560001373291016,30.172283172607422,3952800
2016-03-09,35.52000045776367,36.45000076293945,35.4900016784668,35.79999923706055,30.375917434692383,4088700
2016-03-10,35.68000030517578,36.22999954223633,35.599998474121094,35.970001220703125,30.52016258239746,3787000
2016-03-11,36.08000183105469,36.36000061035156,35.689998626708984,35.70000076293945,30.291067123413086,3409600
2016-03-14,35.709999084472656,35.7599983215332,35.43000030517578,35.59000015258789,30.197736740112305,2420900
2016-03-15,35.52000045776367,35.70000076293945,35.25,35.59000015258789,30.197736740112305,2849500
2016-03-16,35.41999816894531,36.15999984741211,35.220001220703125,35.900001525878906,30.460765838623047,3759100
2016-03-17,36.040000915527344,36.349998474121094,35.84000015258789,36.16999816894531,30.689855575561523,2665800
2016-03-18,36.15999984741211,36.20000076293945,35.75,35.7599983215332,30.341981887817383,4883900
2016-03-21,35.72999954223633,36.06999969482422,35.40999984741211,35.849998474121094,30.4183406829834,3416800
2016-03-22,35.880001068115234,36.18000030517578,35.61000061035156,35.7599983215332,30.341981887817383,3058000
2016-03-23,35.72999954223633,36.08000183105469,35.52000045776367,35.97999954223633,30.528644561767578,2830700
2016-03-24,35.849998474121094,36.25,35.779998779296875,36.15999984741211,30.681367874145508,2968400
2016-03-28,36.15999984741211,36.349998474121094,35.66999816894531,35.7400016784668,30.32500648498535,2097100
2016-03-29,35.83000183105469,36.380001068115234,35.63999938964844,36.34000015258789,30.834102630615234,4563900
2016-03-30,36.40999984741211,36.540000915527344,35.77000045776367,35.790000915527344,30.36742401123047,5504800
2016-03-31,35.939998626708984,36.52000045776367,35.5099983215332,35.970001220703125,30.52016258239746,7360500
2016-04-01,35.97999954223633,36.290000915527344,35.65999984741211,36.029998779296875,30.571069717407227,6258400
2016-04-04,35.9900016784668,36.130001068115234,35.58000183105469,35.68000030517578,30.274093627929688,4869600
2016-04-05,35.56999969482422,35.689998626708984,34.849998474121094,35.06999969482422,29.75651741027832,5229400
2016-04-06,35.029998779296875,35.09000015258789,34.54999923706055,34.59000015258789,29.349241256713867,5030400
2016-04-07,34.560001373291016,35.040000915527344,34.52000045776367,34.7599983215332,29.493488311767578,4113900
2016-04-08,34.88999938964844,35.689998626708984,34.880001068115234,35.119998931884766,29.798940658569336,4890800
2016-04-11,35.33000183105469,35.810001373291016,35.290000915527344,35.36000061035156,30.002586364746094,3686200
2016-04-12,35.52000045776367,36.0,35.400001525878906,35.75,30.333492279052734,3634200
2016-04-13,35.779998779296875,35.79999923706055,35.4900016784668,35.650001525878906,30.24864387512207,2968300
2016-04-14,35.599998474121094,35.79999923706055,35.38999938964844,35.40999984741211,30.045007705688477,2719100
2016-04-15,35.38999938964844,35.77000045776367,35.22999954223633,35.65999984741211,30.257131576538086,3247500
2016-04-18,35.56999969482422,35.88999938964844,35.47999954223633,35.849998474121094,30.4183406829834,2505600
2016-04-19,35.95000076293945,36.029998779296875,35.34000015258789,35.5,30.121370315551758,4850200
2016-04-20,35.5099983215332,35.70000076293945,34.7400016784668,34.7599983215332,29.493488311767578,4538800
2016-04-21,34.72999954223633,34.84000015258789,33.58000183105469,33.90999984741211,28.77227020263672,6653200
2016-04-22,34.15999984741211,34.650001525878906,34.0,34.470001220703125,29.247425079345703,4620700
2016-04-25,34.310001373291016,34.529998779296875,34.08000183105469,34.45000076293945,29.230457305908203,4145200
2016-04-26,34.540000915527344,34.869998931884766,34.369998931884766,34.38999938964844,29.179546356201172,4329700
2016-04-27,34.86000061035156,36.31999969482422,34.66999816894531,36.04999923706055,30.58803367614746,11943200
2016-04-28,36.04999923706055,36.04999923706055,31.68000030517578,32.470001220703125,27.550451278686523,19368800
2016-04-29,32.45000076293945,33.099998474121094,32.209999084472656,32.59000015258789,27.652265548706055,8463000
2016-05-02,32.68000030517578,33.2400016784668,32.619998931884766,33.04999923706055,28.042566299438477,6075200
2016-05-03,33.13999938964844,34.02000045776367,33.13999938964844,33.560001373291016,28.475303649902344,8498700
2016-05-04,33.130001068115234,33.77000045776367,32.869998931884766,33.650001525878906,28.861263275146484,4849400
2016-05-05,33.689998626708984,33.939998626708984,33.31999969482422,33.5099983215332,28.74118423461914,2972400
2016-05-06,33.439998626708984,33.439998626708984,32.959999084472656,33.09000015258789,28.38095474243164,4061600
2016-05-09,33.189998626708984,33.650001525878906,33.06999969482422,33.54999923706055,28.77549171447754,3735400
2016-05-10,33.599998474121094,34.04999923706055,33.56999969482422,33.88999938964844,29.067110061645508,3728500
2016-05-11,34.02000045776367,34.16999816894531,33.75,33.95000076293945,29.118566513061523,3427800
2016-05-12,33.91999816894531,34.189998626708984,33.75,33.970001220703125,29.135723114013672,4641100
2016-05-13,33.83000183105469,33.970001220703125,33.400001525878906,33.47999954223633,28.715452194213867,4770000
2016-05-16,33.54999923706055,33.619998931884766,33.310001373291016,33.349998474121094,28.603954315185547,3553400
2016-05-17,33.279998779296875,33.38999938964844,32.86000061035156,32.97999954223633,28.28660774230957,3978900
2016-05-18,32.7400016784668,33.040000915527344,31.920000076293945,32.150001525878906,27.574726104736328,5244400
2016-05-19,31.959999084472656,32.369998931884766,31.829999923706055,32.349998474121094,27.746259689331055,3386300
2016-05-20,32.459999084472656,32.459999084472656,32.099998474121094,32.290000915527344,27.69480323791504,2342400
2016-05-23,32.369998931884766,32.400001525878906,32.040000915527344,32.060001373291016,27.49753189086914,3186300
2016-05-24,32.119998931884766,32.36000061035156,31.940000534057617,32.09000015258789,27.523263931274414,2562900
2016-05-25,31.739999771118164,32.2599983215332,31.3700008392334,32.11000061035156,27.54041862487793,4992900
2016-05-26,32.20000076293945,32.4900016784668,32.06999969482422,32.349998474121094,27.746259689331055,3806900
2016-05-27,32.45000076293945,32.61000061035156,32.27000045776367,32.47999954223633,27.857763290405273,2556000
2016-05-31,32.52000045776367,32.86000061035156,32.41999816894531,32.810001373291016,28.14080238342285,3454900
2016-06-01,32.90999984741211,33.20000076293945,32.79999923706055,33.06999969482422,28.363798141479492,2949800
2016-06-02,32.970001220703125,33.380001068115234,32.900001525878906,33.310001373291016,28.56964683532715,2780100
2016-06-03,33.56999969482422,33.86000061035156,33.41999816894531,33.81999969482422,29.007064819335938,2509500
2016-06-06,33.7400016784668,33.939998626708984,33.529998779296875,33.779998779296875,28.972753524780273,3216600
2016-06-07,33.7400016784668,34.220001220703125,33.689998626708984,34.06999969482422,29.22149085998535,3685800
2016-06-08,34.040000915527344,34.209999084472656,33.880001068115234,34.130001068115234,29.27294921875,2913600
2016-06-09,34.11000061035156,34.290000915527344,33.970001220703125,34.25,29.37586784362793,2242500
2016-06-10,34.2400016784668,34.349998474121094,33.58000183105469,33.70000076293945,28.904144287109375,2934900
2016-06-13,33.68000030517578,33.86000061035156,33.529998779296875,33.65999984741211,28.869834899902344,2504700
2016-06-14,33.720001220703125,33.790000915527344,33.470001220703125,33.75,28.94702911376953,2264300
2016-06-15,33.790000915527344,33.880001068115234,33.58000183105469,33.650001525878906,28.861263275146484,2157800
2016-06-16,33.689998626708984,34.06999969482422,33.61000061035156,33.9900016784668,29.15287971496582,1999800
2016-06-17,33.97999954223633,34.290000915527344,33.86000061035156,34.290000915527344,29.410181045532227,3059100
2016-06-20,34.29999923706055,34.380001068115234,33.70000076293945,33.7400016784668,28.93845558166504,4193500
2016-06-21,33.7400016784668,33.869998931884766,33.220001220703125,33.540000915527344,28.766918182373047,4035400
2016-06-22,33.36000061035156,33.459999084472656,33.02000045776367,33.040000915527344,28.338071823120117,4095600
2016-06-23,33.13999938964844,33.2400016784668,32.84000015258789,33.15999984741211,28.440996170043945,4121800
2016-06-24,32.75,33.45000076293945,32.68000030517578,32.880001068115234,28.200841903686523,4732300
2016-06-27,32.81999969482422,33.15999984741211,32.599998474121094,33.11000061035156,28.39810562133789,3152200
2016-06-28,33.2400016784668,33.7400016784668,32.869998931884766,33.72999954223633,28.92987823486328,4651000
2016-06-29,33.88999938964844,34.2400016784668,33.81999969482422,34.189998626708984,29.32440948486328,3770500
2016-06-30,34.209999084472656,34.91999816894531,33.939998626708984,34.90999984741211,29.94194984436035,4170000
2016-07-01,35.02000045776367,35.290000915527344,34.83000183105469,35.130001068115234,30.130638122558594,3250200
2016-07-05,35.08000183105469,35.22999954223633,35.0,35.18000030517578,30.17353057861328,2236700
2016-07-06,35.16999816894531,35.689998626708984,34.97999954223633,35.619998931884766,30.5509090423584,3982600
2016-07-07,35.52000045776367,35.58000183105469,35.130001068115234,35.33000183105469,30.30217742919922,3462400
2016-07-08,35.2599983215332,36.040000915527344,35.0099983215332,36.02000045776367,30.893980026245117,3732600
2016-07-11,35.880001068115234,36.150001525878906,35.61000061035156,36.11000061035156,30.971179962158203,3575900
2016-07-12,35.849998474121094,36.45000076293945,35.849998474121094,36.189998626708984,31.03978729248047,5632300
2016-07-13,36.459999084472656,36.4900016784668,36.20000076293945,36.439998626708984,31.254213333129883,3989300
2016-07-14,36.22999954223633,36.400001525878906,35.83000183105469,35.849998474121094,30.748178482055664,3796200
2016-07-15,35.91999816894531,36.209999084472656,35.91999816894531,36.189998626708984,31.03978729248047,2758800
2016-07-18,36.150001525878906,36.33000183105469,36.11000061035156,36.290000915527344,31.12555694580078,1852100
2016-07-19,36.349998474121094,36.349998474121094,35.95000076293945,36.18000030517578,31.03121566772461,2521600
2016-07-20,36.18000030517578,36.25,35.95000076293945,35.97999954223633,30.859678268432617,2975900
2016-07-21,35.880001068115234,36.0099983215332,35.7400016784668,35.959999084472656,30.842519760131836,3912200
2016-07-22,35.959999084472656,36.59000015258789,35.869998931884766,36.5099983215332,31.31424903869629,5034000
2016-07-25,36.5099983215332,36.599998474121094,36.2599983215332,36.599998474121094,31.391443252563477,3608400
2016-07-26,36.349998474121094,36.45000076293945,35.66999816894531,35.88999938964844,30.78248405456543,6262000
2016-07-27,35.880001068115234,35.97999954223633,34.84000015258789,35.20000076293945,30.190671920776367,3823800
2016-07-28,35.22999954223633,35.5099983215332,35.130001068115234,35.369998931884766,30.336483001708984,5190800
2016-07-29,35.220001220703125,35.25,34.58000183105469,34.91999816894531,29.950525283813477,4983500
2016-08-01,34.77000045776367,34.900001525878906,34.22999954223633,34.310001373291016,29.427335739135742,4792900
2016-08-02,34.130001068115234,34.13999938964844,33.25,33.310001373291016,28.56964683532715,5901500
2016-08-03,32.939998626708984,33.279998779296875,32.77000045776367,33.060001373291016,28.665023803710938,4119700
2016-08-04,33.06999969482422,33.25,32.81999969482422,32.93000030517578,28.552305221557617,2405800
2016-08-05,32.90999984741211,32.95000076293945,32.369998931884766,32.43000030517578,28.118776321411133,2764100
2016-08-08,33.0,33.220001220703125,32.70000076293945,32.869998931884766,28.500280380249023,4739900
2016-08-09,32.81999969482422,32.9900016784668,32.7400016784668,32.84000015258789,28.474266052246094,2403600
2016-08-10,32.959999084472656,33.0099983215332,32.599998474121094,32.709999084472656,28.36155128479004,3072800
2016-08-11,32.72999954223633,32.88999938964844,32.66999816894531,32.880001068115234,28.508955001831055,2171400
2016-08-12,33.029998779296875,33.310001373291016,32.880001068115234,33.119998931884766,28.717044830322266,5532000
2016-08-15,33.06999969482422,33.349998474121094,32.880001068115234,32.88999938964844,28.517621994018555,3405300
2016-08-16,32.849998474121094,32.869998931884766,32.40999984741211,32.41999816894531,28.1101016998291,2495400
2016-08-17,32.38999938964844,32.900001525878906,32.150001525878906,32.84000015258789,28.474266052246094,3839600
2016-08-18,32.83000183105469,33.119998931884766,32.720001220703125,33.119998931884766,28.717044830322266,4054200
2016-08-19,33.060001373291016,33.060001373291016,32.529998779296875,32.689998626708984,28.344209671020508,2638500
2016-08-22,32.70000076293945,32.79999923706055,32.5099983215332,32.630001068115234,28.292186737060547,1915200
2016-08-23,32.7400016784668,33.08000183105469,32.7400016784668,32.91999816894531,28.543636322021484,2843700
2016-08-24,32.83000183105469,33.06999969482422,32.63999938964844,33.0,28.612998962402344,2633700
2016-08-25,32.9900016784668,33.25,32.880001068115234,32.93000030517578,28.552305221557617,2052500
2016-08-26,33.06999969482422,33.349998474121094,32.27000045776367,32.31999969482422,28.023395538330078,3756700
2016-08-29,32.5099983215332,32.779998779296875,32.380001068115234,32.599998474121094,28.266172409057617,1840100
2016-08-30,32.599998474121094,32.7400016784668,32.130001068115234,32.209999084472656,27.928016662597656,2510900
2016-08-31,32.189998626708984,32.75,32.119998931884766,32.72999954223633,28.378889083862305,4190400
2016-09-01,32.66999816894531,32.77000045776367,32.27000045776367,32.45000076293945,28.136112213134766,4637100
2016-09-02,32.4900016784668,33.0,32.4900016784668,32.81999969482422,28.45693016052246,2326900
2016-09-06,32.939998626708984,33.11000061035156,32.77000045776367,33.04999923706055,28.656349182128906,2766000
2016-09-07,33.029998779296875,33.279998779296875,32.83000183105469,33.130001068115234,28.725717544555664,2237600
2016-09-08,33.02000045776367,33.66999816894531,32.97999954223633,33.63999938964844,29.167919158935547,3108500
2016-09-09,33.279998779296875,33.349998474121094,32.630001068115234,32.63999938964844,28.30085563659668,5017800
2016-09-12,32.619998931884766,33.470001220703125,32.58000183105469,33.279998779296875,28.855775833129883,3339500
2016-09-13,33.099998474121094,33.189998626708984,32.459999084472656,32.70000076293945,28.352880477905273,3745200
2016-09-14,32.83000183105469,33.0099983215332,32.459999084472656,32.619998931884766,28.28351593017578,3062400
2016-09-15,32.61000061035156,32.970001220703125,32.47999954223633,32.84000015258789,28.474266052246094,2111000
2016-09-16,32.630001068115234,33.029998779296875,32.459999084472656,32.9900016784668,28.60433006286621,3507100
2016-09-19,33.09000015258789,33.77000045776367,33.0,33.7400016784668,29.25462532043457,3757300
2016-09-20,33.81999969482422,33.970001220703125,33.61000061035156,33.7400016784668,29.25462532043457,2909000
2016-09-21,33.75,34.619998931884766,33.709999084472656,34.56999969482422,29.974279403686523,3175100
2016-09-22,34.790000915527344,34.959999084472656,34.59000015258789,34.84000015258789,30.208389282226562,3278400
2016-09-23,34.619998931884766,34.869998931884766,34.41999816894531,34.4900016784668,29.904922485351562,4010200
2016-09-26,34.34000015258789,34.81999969482422,34.34000015258789,34.58000183105469,29.982954025268555,3341700
2016-09-27,34.70000076293945,34.83000183105469,33.560001373291016,33.66999816894531,29.193925857543945,5301400
2016-09-28,33.779998779296875,33.880001068115234,33.279998779296875,33.540000915527344,29.081212997436523,3954400
2016-09-29,33.540000915527344,33.630001068115234,33.06999969482422,33.16999816894531,28.76039695739746,2556300
2016-09-30,33.36000061035156,33.5,32.900001525878906,33.08000183105469,28.682363510131836,3504000
2016-10-03,33.06999969482422,33.06999969482422,32.22999954223633,32.29999923706055,28.006057739257812,4786700
2016-10-04,32.380001068115234,32.41999816894531,31.40999984741211,31.6299991607666,27.425125122070312,4667100
2016-10-05,31.639999389648438,31.860000610351562,31.209999084472656,31.389999389648438,27.217029571533203,12571500
2016-10-06,31.34000015258789,31.760000228881836,31.15999984741211,31.469999313354492,27.286396026611328,4321100
2016-10-07,31.68000030517578,31.950000762939453,31.31999969482422,31.31999969482422,27.15633773803711,3572600
2016-10-10,31.40999984741211,31.790000915527344,31.389999389648438,31.729999542236328,27.511831283569336,2389300
2016-10-11,31.729999542236328,31.770000457763672,31.149999618530273,31.219999313354492,27.069629669189453,2293500
2016-10-12,31.270000457763672,31.719999313354492,30.290000915527344,31.360000610351562,27.191022872924805,13766500
2016-10-13,31.790000915527344,31.829999923706055,31.260000228881836,31.559999465942383,27.364429473876953,4795800
2016-10-14,31.520000457763672,32.040000915527344,31.43000030517578,31.510000228881836,27.321077346801758,3228600
2016-10-17,31.729999542236328,32.40999984741211,31.719999313354492,32.22999954223633,27.945358276367188,6129400
2016-10-18,32.75,33.310001373291016,32.47999954223633,33.15999984741211,28.75172996520996,7351100
2016-10-19,32.959999084472656,33.27000045776367,32.560001373291016,33.150001525878906,28.743059158325195,5856100
2016-10-20,33.20000076293945,33.41999816894531,32.790000915527344,32.849998474121094,28.482938766479492,4609100
2016-10-21,32.70000076293945,33.36000061035156,32.630001068115234,33.189998626708984,28.777738571166992,4060800
2016-10-24,33.349998474121094,33.4900016784668,33.02000045776367,33.34000015258789,28.90780258178711,2383300
2016-10-25,33.56999969482422,33.72999954223633,33.349998474121094,33.619998931884766,29.15057373046875,3997800
2016-10-26,33.599998474121094,34.029998779296875,33.349998474121094,33.959999084472656,29.445371627807617,4233300
2016-10-27,33.88999938964844,34.029998779296875,33.459999084472656,33.900001525878906,29.393356323242188,3827400
2016-10-28,33.95000076293945,34.209999084472656,33.66999816894531,33.959999084472656,29.445371627807617,6192900
2016-10-31,34.08000183105469,34.5,34.02000045776367,34.290000915527344,29.731502532958984,5212000
2016-11-01,34.34000015258789,34.34000015258789,33.380001068115234,33.470001220703125,29.020519256591797,3963400
2016-11-02,33.369998931884766,33.45000076293945,32.81999969482422,33.36000061035156,28.925142288208008,4395000
2016-11-03,32.869998931884766,33.380001068115234,32.65999984741211,33.290000915527344,29.17933464050293,4561900
2016-11-04,33.279998779296875,34.220001220703125,33.130001068115234,33.56999969482422,29.424753189086914,5324000
2016-11-07,33.88999938964844,34.47999954223633,33.470001220703125,34.40999984741211,30.16103744506836,7564700
2016-11-08,34.400001525878906,34.83000183105469,34.16999816894531,34.5,30.239917755126953,4316000
2016-11-09,33.91999816894531,34.02000045776367,33.380001068115234,33.4900016784668,29.354637145996094,4126100
2016-11-10,33.36000061035156,33.369998931884766,31.790000915527344,31.850000381469727,27.917144775390625,7318800
2016-11-11,31.8799991607666,32.310001373291016,31.5,31.6200008392334,27.715545654296875,5239000
2016-11-14,31.459999084472656,31.940000534057617,31.079999923706055,31.84000015258789,27.908376693725586,6102800
2016-11-15,31.989999771118164,32.41999816894531,31.8700008392334,32.09000015258789,28.12750816345215,4640500
2016-11-16,32.119998931884766,32.2400016784668,31.579999923706055,31.8700008392334,27.934673309326172,3781800
2016-11-17,31.719999313354492,32.150001525878906,31.719999313354492,31.959999084472656,28.01355743408203,2693200
2016-11-18,31.93000030517578,32.099998474121094,31.329999923706055,31.399999618530273,27.522708892822266,4396600
2016-11-21,31.6299991607666,31.989999771118164,31.510000228881836,31.90999984741211,27.969738006591797,3203300
2016-11-22,31.940000534057617,32.099998474121094,31.809999465942383,31.899999618530273,27.960969924926758,2782300
2016-11-23,31.559999465942383,31.809999465942383,31.270000457763672,31.489999771118164,27.60159683227539,4595600
2016-11-25,31.59000015258789,32.16999816894531,31.59000015258789,32.13999938964844,28.17133331298828,2063200
2016-11-28,32.27000045776367,32.619998931884766,32.16999816894531,32.59000015258789,28.565765380859375,3943300
2016-11-29,32.47999954223633,32.75,32.36000061035156,32.54999923706055,28.530702590942383,3151300
2016-11-30,32.20000076293945,32.20000076293945,31.290000915527344,31.290000915527344,27.426294326782227,5668500
2016-12-01,31.139999389648438,31.200000762939453,30.829999923706055,30.989999771118164,27.1633358001709,3272300
2016-12-02,31.0,31.239999771118164,30.350000381469727,30.56999969482422,26.795196533203125,5280300
2016-12-05,30.540000915527344,30.559999465942383,30.139999389648438,30.5,26.733842849731445,5709500
2016-12-06,30.6200008392334,30.639999389648438,30.139999389648438,30.3700008392334,26.61989402770996,5763700
2016-12-07,30.40999984741211,30.5,29.889999389648438,30.059999465942383,26.348169326782227,7314300
2016-12-08,29.979999542236328,30.700000762939453,29.329999923706055,30.530000686645508,26.760135650634766,6336200
2016-12-09,30.600000381469727,31.100000381469727,30.579999923706055,30.729999542236328,26.935443878173828,3913200
2016-12-12,30.56999969482422,31.139999389648438,30.540000915527344,31.059999465942383,27.224693298339844,4061500
2016-12-13,31.139999389648438,31.6200008392334,31.139999389648438,31.610000610351562,27.70677947998047,3646800
2016-12-14,31.739999771118164,32.29999923706055,31.200000762939453,31.290000915527344,27.426294326782227,8340500
2016-12-15,31.170000076293945,31.350000381469727,30.860000610351562,31.31999969482422,27.45258331298828,5667000
2016-12-16,31.299999237060547,31.979999542236328,31.25,31.780000686645508,27.85578727722168,10195800
2016-12-19,31.920000076293945,31.950000762939453,31.40999984741211,31.649999618530273,27.741838455200195,4557300
2016-12-20,31.5,31.649999618530273,31.049999237060547,31.290000915527344,27.426294326782227,5218000
2016-12-21,31.329999923706055,31.950000762939453,31.270000457763672,31.420000076293945,27.540239334106445,4233700
2016-12-22,31.3700008392334,31.510000228881836,31.149999618530273,31.219999313354492,27.36493492126465,3144500
2016-12-23,31.329999923706055,31.420000076293945,31.1299991607666,31.270000457763672,27.408761978149414,2494700
2016-12-27,31.15999984741211,31.31999969482422,31.049999237060547,31.280000686645508,27.417526245117188,2110400
2016-12-28,31.309999465942383,31.389999389648438,30.81999969482422,30.84000015258789,27.0318603515625,2558100
2016-12-29,30.84000015258789,31.309999465942383,30.84000015258789,31.1200008392334,27.277286529541016,2927900
2016-12-30,31.170000076293945,31.290000915527344,30.889999389648438,30.969999313354492,27.14580535888672,2523200
2017-01-03,30.969999313354492,31.139999389648438,30.43000030517578,30.950000762939453,27.128278732299805,3757200
2017-01-04,30.989999771118164,31.290000915527344,30.940000534057617,30.969999313354492,27.14580535888672,3242000
2017-01-05,30.940000534057617,31.049999237060547,30.56999969482422,30.850000381469727,27.04062271118164,3947600
2017-01-06,30.709999084472656,31.239999771118164,30.709999084472656,31.1299991607666,27.28604507446289,3485000
2017-01-09,31.209999084472656,31.229999542236328,30.93000030517578,31.010000228881836,27.180864334106445,4802300
2017-01-10,30.84000015258789,30.850000381469727,30.1200008392334,30.3700008392334,26.61989402770996,7195300
2017-01-11,30.329999923706055,30.940000534057617,30.329999923706055,30.729999542236328,26.935443878173828,5283000
2017-01-12,30.729999542236328,30.90999984741211,30.559999465942383,30.68000030517578,26.891618728637695,4247200
2017-01-13,30.639999389648438,30.719999313354492,30.40999984741211,30.610000610351562,26.830263137817383,3889300
2017-01-17,30.860000610351562,31.360000610351562,30.700000762939453,31.149999618530273,27.303579330444336,4092600
2017-01-18,31.079999923706055,31.229999542236328,30.65999984741211,30.760000228881836,26.96173667907715,3481500
2017-01-19,30.639999389648438,30.729999542236328,30.239999771118164,30.309999465942383,26.567304611206055,4519400
2017-01-20,30.350000381469727,30.520000457763672,29.90999984741211,30.040000915527344,26.330644607543945,4713900
2017-01-23,30.149999618530273,30.260000228881836,29.56999969482422,29.610000610351562,25.953739166259766,3936000
2017-01-24,29.670000076293945,29.850000381469727,29.510000228881836,29.579999923706055,25.927446365356445,3838100
2017-01-25,29.540000915527344,30.010000228881836,29.520000457763672,29.799999237060547,26.120277404785156,5785900
2017-01-26,29.780000686645508,29.93000030517578,29.670000076293945,29.81999969482422,26.13780975341797,5205200
2017-01-27,29.889999389648438,30.020000457763672,29.719999313354492,29.989999771118164,26.286819458007812,3356000
2017-01-30,30.139999389648438,30.139999389648438,29.610000610351562,29.81999969482422,26.13780975341797,4584500
2017-01-31,29.829999923706055,30.3700008392334,29.75,30.31999969482422,26.576066970825195,4811400
2017-02-01,30.09000015258789,30.31999969482422,29.709999084472656,29.84000015258789,26.155338287353516,4357000
2017-02-02,29.899999618530273,30.0,29.6200008392334,29.950000762939453,26.25175666809082,5426500
2017-02-03,29.670000076293945,30.030000686645508,29.579999923706055,29.889999389648438,26.517913818359375,3374100
2017-02-06,29.979999542236328,30.149999618530273,29.809999465942383,29.8799991607666,26.50904083251953,4332700
2017-02-07,29.920000076293945,30.040000915527344,29.770000457763672,29.989999771118164,26.606630325317383,2773900
2017-02-08,30.030000686645508,30.06999969482422,29.829999923706055,30.040000915527344,26.650989532470703,4244000
2017-02-09,30.040000915527344,30.09000015258789,29.649999618530273,29.8799991607666,26.50904083251953,4046000
2017-02-10,29.860000610351562,30.520000457763672,29.809999465942383,30.450000762939453,27.014732360839844,3805500
2017-02-13,30.520000457763672,30.719999313354492,30.389999389648438,30.530000686645508,27.085708618164062,5644900
2017-02-14,30.540000915527344,30.639999389648438,30.15999984741211,30.360000610351562,26.93488883972168,2566500
2017-02-15,30.1299991607666,30.459999084472656,30.110000610351562,30.399999618530273,26.970375061035156,2828700
2017-02-16,30.3799991607666,30.639999389648438,30.270000457763672,30.6200008392334,27.165557861328125,3805300
2017-02-17,30.65999984741211,31.040000915527344,30.549999237060547,31.010000228881836,27.511558532714844,4410400
2017-02-21,30.920000076293945,31.350000381469727,30.84000015258789,31.329999923706055,27.79545783996582,5193500
2017-02-22,30.809999465942383,31.020000457763672,30.350000381469727,30.790000915527344,27.316375732421875,6792900
2017-02-23,30.969999313354492,31.6200008392334,30.959999084472656,31.389999389648438,27.84868621826172,5776100
2017-02-24,31.559999465942383,32.349998474121094,31.489999771118164,32.31999969482422,28.67376708984375,6126800
2017-02-27,32.349998474121094,32.349998474121094,31.760000228881836,31.809999465942383,28.221302032470703,4398200
2017-02-28,31.809999465942383,32.540000915527344,31.770000457763672,32.43000030517578,28.7713565826416,5503100
2017-03-01,32.09000015258789,32.09000015258789,31.389999389648438,31.559999465942383,27.999509811401367,7326100
2017-03-02,31.450000762939453,32.0,31.399999618530273,31.639999389648438,28.070484161376953,3980100
2017-03-03,31.68000030517578,31.75,31.329999923706055,31.739999771118164,28.159198760986328,3620200
2017-03-06,31.920000076293945,31.920000076293945,31.15999984741211,31.31999969482422,27.786582946777344,4357900
2017-03-07,31.219999313354492,31.420000076293945,31.030000686645508,31.18000030517578,27.66238021850586,4515700
2017-03-08,30.920000076293945,31.15999984741211,30.469999313354492,31.110000610351562,27.600276947021484,4198600
2017-03-09,31.049999237060547,32.529998779296875,31.040000915527344,31.100000381469727,27.59140396118164,4161100
2017-03-10,31.209999084472656,31.559999465942383,30.899999618530273,31.260000228881836,27.733354568481445,3846900
2017-03-13,31.229999542236328,31.450000762939453,30.93000030517578,31.100000381469727,27.59140396118164,2735100
2017-03-14,31.040000915527344,31.079999923706055,30.780000686645508,31.0,27.502689361572266,3435100
2017-03-15,31.09000015258789,31.709999084472656,31.020000457763672,31.59000015258789,28.026126861572266,3906400
2017-03-16,31.469999313354492,31.579999923706055,31.0,31.1299991607666,27.61801528930664,3865500
2017-03-17,31.219999313354492,31.479999542236328,31.190000534057617,31.360000610351562,27.82207489013672,8680700
2017-03-20,31.200000762939453,31.420000076293945,30.8700008392334,30.959999084472656,27.467193603515625,3960500
2017-03-21,30.93000030517578,31.5,30.809999465942383,31.360000610351562,27.82207489013672,4362900
2017-03-22,31.5,31.809999465942383,31.360000610351562,31.40999984741211,27.86642837524414,4159400
2017-03-23,31.389999389648438,31.5,31.110000610351562,31.200000762939453,27.68012237548828,3360400
2017-03-24,31.399999618530273,31.530000686645508,31.239999771118164,31.34000015258789,27.80432891845703,3171000
2017-03-27,31.5,31.59000015258789,31.06999969482422,31.389999389648438,27.84868621826172,2457600
2017-03-28,31.299999237060547,31.639999389648438,31.25,31.610000610351562,28.043867111206055,2877600
2017-03-29,31.540000915527344,31.850000381469727,31.399999618530273,31.56999969482422,28.008378982543945,3458700
2017-03-30,31.489999771118164,31.5,31.229999542236328,31.3700008392334,27.83094596862793,3646400
2017-03-31,31.420000076293945,31.93000030517578,31.3799991607666,31.81999969482422,28.230175018310547,5805900
2017-04-03,31.719999313354492,31.739999771118164,31.229999542236328,31.459999084472656,27.91078758239746,3753600
2017-04-04,31.489999771118164,31.81999969482422,31.190000534057617,31.729999542236328,28.150325775146484,3992500
2017-04-05,31.6299991607666,31.860000610351562,31.549999237060547,31.780000686645508,28.19468879699707,2590500
2017-04-06,31.65999984741211,31.81999969482422,31.600000381469727,31.760000228881836,28.176944732666016,3060700
2017-04-07,31.889999389648438,31.940000534057617,31.299999237060547,31.31999969482422,27.786582946777344,5747600
2017-04-10,31.31999969482422,31.6200008392334,31.200000762939453,31.600000381469727,28.034992218017578,3235300
2017-04-11,31.520000457763672,31.649999618530273,31.329999923706055,31.440000534057617,27.89304542541504,2588300
2017-04-12,31.399999618530273,31.639999389648438,31.260000228881836,31.610000610351562,28.043867111206055,2718700
2017-04-13,31.610000610351562,31.719999313354492,31.260000228881836,31.270000457763672,27.742225646972656,3432200
2017-04-17,31.299999237060547,31.469999313354492,31.059999465942383,31.43000030517578,27.884174346923828,3007100
2017-04-18,31.450000762939453,31.56999969482422,31.219999313354492,31.469999313354492,27.919658660888672,2988700
2017-04-19,31.450000762939453,31.479999542236328,30.780000686645508,30.850000381469727,27.369609832763672,4920400
2017-04-20,30.850000381469727,30.860000610351562,30.56999969482422,30.65999984741211,27.201045989990234,4598900
2017-04-21,30.639999389648438,30.829999923706055,30.559999465942383,30.610000610351562,27.15668296813965,4208200
2017-04-24,30.600000381469727,30.75,30.15999984741211,30.709999084472656,27.24540138244629,5218400
2017-04-25,30.59000015258789,30.829999923706055,30.459999084472656,30.610000610351562,27.15668296813965,4051000
2017-04-26,30.600000381469727,31.149999618530273,30.479999542236328,30.520000457763672,27.07683753967285,5786100
2017-04-27,30.520000457763672,30.739999771118164,30.440000534057617,30.520000457763672,27.07683753967285,4538600
2017-04-28,30.68000030517578,30.899999618530273,29.329999923706055,29.940000534057617,26.562273025512695,9610000
2017-05-01,29.979999542236328,30.020000457763672,29.40999984741211,29.459999084472656,26.13641929626465,6328500
2017-05-02,29.530000686645508,29.719999313354492,28.969999313354492,29.030000686645508,25.754934310913086,7207000
2017-05-03,28.68000030517578,29.079999923706055,28.209999084472656,28.950000762939453,26.006465911865234,8991800
2017-05-04,28.889999389648438,29.06999969482422,28.780000686645508,28.8700008392334,25.934600830078125,4818600
2017-05-05,28.90999984741211,29.100000381469727,28.790000915527344,28.829999923706055,25.898666381835938,4303700
2017-05-08,28.8799991607666,29.1200008392334,28.700000762939453,29.059999465942383,26.10527801513672,4652000
2017-05-09,28.940000534057617,29.200000762939453,28.75,28.760000228881836,25.835784912109375,6631600
2017-05-10,28.829999923706055,29.0,28.649999618530273,28.850000381469727,25.9166316986084,3227700
2017-05-11,28.850000381469727,28.8700008392334,28.610000610351562,28.809999465942383,25.880699157714844,4804400
2017-05-12,28.860000610351562,28.90999984741211,28.56999969482422,28.719999313354492,25.799850463867188,2578900
2017-05-15,28.690000534057617,29.059999465942383,28.690000534057617,28.93000030517578,25.98849868774414,4446500
2017-05-16,28.8700008392334,28.959999084472656,28.59000015258789,28.690000534057617,25.77290153503418,3272800
2017-05-17,28.690000534057617,28.889999389648438,28.469999313354492,28.59000015258789,25.683069229125977,2710200
2017-05-18,28.43000030517578,28.829999923706055,28.139999389648438,28.15999984741211,25.296789169311523,5121900
2017-05-19,28.149999618530273,28.25,27.93000030517578,28.239999771118164,25.36865997314453,4897000
2017-05-22,28.18000030517578,28.540000915527344,28.18000030517578,28.440000534057617,25.54831886291504,3050700
2017-05-23,28.440000534057617,28.649999618530273,28.3799991607666,28.5,25.602218627929688,3222600
2017-05-24,28.549999237060547,28.690000534057617,28.40999984741211,28.670000076293945,25.754932403564453,2678700
2017-05-25,28.6200008392334,28.969999313354492,28.579999923706055,28.860000610351562,25.925617218017578,3512300
2017-05-26,28.889999389648438,28.969999313354492,28.649999618530273,28.920000076293945,25.97951889038086,2475900
2017-05-30,28.8700008392334,29.420000076293945,28.790000915527344,29.190000534057617,26.22206687927246,3148500
2017-05-31,29.1299991607666,29.3799991607666,29.049999237060547,29.239999771118164,26.266979217529297,3308900
2017-06-01,29.229999542236328,29.399999618530273,29.059999465942383,29.389999389648438,26.40172576904297,2940100
2017-06-02,29.59000015258789,29.6299991607666,29.329999923706055,29.450000762939453,26.45562744140625,2794700
2017-06-05,29.34000015258789,29.450000762939453,29.049999237060547,29.110000610351562,26.150197982788086,2830200
2017-06-06,29.170000076293945,29.239999771118164,28.950000762939453,29.059999465942383,26.10527801513672,4209200
2017-06-07,29.079999923706055,29.280000686645508,29.079999923706055,29.139999389648438,26.17714500427246,2805000
2017-06-08,29.139999389648438,29.139999389648438,28.65999984741211,28.8700008392334,25.934600830078125,3636000
2017-06-09,28.850000381469727,29.110000610351562,28.690000534057617,29.110000610351562,26.150197982788086,2933800
2017-06-12,29.139999389648438,29.6299991607666,29.110000610351562,29.510000228881836,26.509525299072266,4892900
2017-06-13,29.399999618530273,29.440000534057617,29.030000686645508,29.3700008392334,26.383760452270508,3483600
2017-06-14,29.600000381469727,29.809999465942383,29.43000030517578,29.59000015258789,26.581392288208008,3415200
2017-06-15,29.510000228881836,29.809999465942383,29.440000534057617,29.790000915527344,26.761056900024414,3829300
2017-06-16,29.850000381469727,30.299999237060547,29.81999969482422,29.93000030517578,26.886823654174805,12165600
2017-06-19,30.0,30.139999389648438,29.649999618530273,29.8700008392334,26.832923889160156,3720400
2017-06-20,29.850000381469727,30.0,29.829999923706055,29.8700008392334,26.832923889160156,2884800
2017-06-21,29.81999969482422,29.829999923706055,29.1200008392334,29.43000030517578,26.43766212463379,5344300
2017-06-22,29.3799991607666,29.68000030517578,29.149999618530273,29.18000030517578,26.213077545166016,2940800
2017-06-23,29.149999618530273,29.31999969482422,28.790000915527344,28.90999984741211,25.970531463623047,4799500
2017-06-26,29.010000228881836,30.209999084472656,28.979999542236328,30.09000015258789,27.03055763244629,7131300
2017-06-27,30.020000457763672,30.1299991607666,29.59000015258789,29.719999313354492,26.69817352294922,5086100
2017-06-28,29.81999969482422,30.09000015258789,29.06999969482422,29.100000381469727,26.14121437072754,4798600
2017-06-29,28.899999618530273,29.059999465942383,28.719999313354492,28.81999969482422,25.88968276977539,4171900
2017-06-30,28.8700008392334,29.43000030517578,28.829999923706055,29.15999984741211,26.195112228393555,5200000
2017-07-03,29.239999771118164,29.440000534057617,29.040000915527344,29.059999465942383,26.10527801513672,1929100
2017-07-05,29.100000381469727,29.360000610351562,28.93000030517578,29.209999084472656,26.24003028869629,4757600
2017-07-06,29.18000030517578,29.43000030517578,29.139999389648438,29.309999465942383,26.32986068725586,4930600
2017-07-07,29.309999465942383,29.43000030517578,29.110000610351562,29.25,26.275962829589844,3148500
2017-07-10,29.239999771118164,29.6299991607666,29.219999313354492,29.309999465942383,26.32986068725586,3805000
2017-07-11,29.350000381469727,29.3799991607666,29.1200008392334,29.280000686645508,26.30291175842285,4665400
2017-07-12,29.530000686645508,29.860000610351562,29.5,29.729999542236328,26.707157135009766,3707300
2017-07-13,29.729999542236328,29.829999923706055,29.3799991607666,29.65999984741211,26.644275665283203,5687400
2017-07-14,29.90999984741211,30.670000076293945,29.860000610351562,30.200000762939453,27.129371643066406,7637400
2017-07-17,30.209999084472656,30.469999313354492,30.030000686645508,30.239999771118164,27.165302276611328,5336000
2017-07-18,30.31999969482422,30.469999313354492,30.18000030517578,30.450000762939453,27.35395050048828,3770200
2017-07-19,30.540000915527344,30.959999084472656,30.3799991607666,30.829999923706055,27.695314407348633,7007000
2017-07-20,30.899999618530273,31.3799991607666,30.700000762939453,31.229999542236328,28.054643630981445,7000500
2017-07-21,31.15999984741211,31.84000015258789,31.079999923706055,31.739999771118164,28.51279067993164,7311200
2017-07-24,31.739999771118164,31.75,31.239999771118164,31.25,28.07261085510254,5705900
2017-07-25,31.25,31.360000610351562,30.850000381469727,30.8700008392334,27.731246948242188,4536100
2017-07-26,30.860000610351562,31.100000381469727,30.65999984741211,31.100000381469727,27.9378604888916,5624300
2017-07-27,31.049999237060547,31.40999984741211,30.799999237060547,31.25,28.07261085510254,5909200
2017-07-28,31.1299991607666,32.349998474121094,31.059999465942383,32.150001525878906,28.881101608276367,10070800
2017-07-31,32.099998474121094,32.13999938964844,31.690000534057617,31.90999984741211,28.66550064086914,5072100
2017-08-01,32.0099983215332,32.09000015258789,31.809999465942383,31.93000030517578,28.683467864990234,4034900
2017-08-02,31.799999237060547,32.29999923706055,31.6200008392334,32.209999084472656,28.93500328063965,4887500
2017-08-03,31.93000030517578,32.06999969482422,31.68000030517578,32.060001373291016,29.125782012939453,5394900
2017-08-04,31.829999923706055,32.18000030517578,31.780000686645508,32.06999969482422,29.134862899780273,3875900
2017-08-07,32.0,32.06999969482422,31.760000228881836,31.790000915527344,28.8804931640625,3599400
2017-08-08,31.719999313354492,32.060001373291016,31.690000534057617,31.950000762939453,29.025846481323242,3422200
2017-08-09,32.02000045776367,32.02000045776367,31.56999969482422,31.610000610351562,28.71696662902832,3041600
2017-08-10,31.639999389648438,32.18000030517578,31.59000015258789,32.040000915527344,29.107608795166016,4237900
2017-08-11,31.90999984741211,32.25,31.790000915527344,32.16999816894531,29.225709915161133,3904700
2017-08-14,32.5099983215332,32.58000183105469,32.220001220703125,32.47999954223633,29.507339477539062,3564500
2017-08-15,32.290000915527344,32.75,32.2599983215332,32.70000076293945,29.707204818725586,2957400
2017-08-16,32.70000076293945,32.880001068115234,32.540000915527344,32.689998626708984,29.6981201171875,3787100
2017-08-17,32.68000030517578,33.0,32.63999938964844,32.650001525878906,29.66178321838379,4429600
2017-08-18,32.630001068115234,33.08000183105469,32.4900016784668,32.83000183105469,29.8253116607666,3306000
2017-08-21,32.869998931884766,33.029998779296875,32.75,32.91999816894531,29.907068252563477,2855500
2017-08-22,32.900001525878906,33.02000045776367,32.72999954223633,32.900001525878906,29.888904571533203,2610700
2017-08-23,32.900001525878906,33.02000045776367,32.709999084472656,32.93000030517578,29.916152954101562,2469300
2017-08-24,32.88999938964844,32.97999954223633,32.63999938964844,32.66999816894531,29.679948806762695,2770800
2017-08-25,32.75,32.91999816894531,32.560001373291016,32.689998626708984,29.6981201171875,3779600
2017-08-28,32.77000045776367,32.88999938964844,32.619998931884766,32.79999923706055,29.798051834106445,2285900
2017-08-29,32.90999984741211,32.97999954223633,32.61000061035156,32.65999984741211,29.67086410522461,2394000
2017-08-30,32.68000030517578,32.81999969482422,32.540000915527344,32.599998474121094,29.61635971069336,3458100
2017-08-31,32.630001068115234,32.72999954223633,32.5099983215332,32.58000183105469,29.598190307617188,3853300
2017-09-01,32.650001525878906,32.7400016784668,32.400001525878906,32.41999816894531,29.452829360961914,2581900
2017-09-05,32.65999984741211,32.65999984741211,32.22999954223633,32.52000045776367,29.54368019104004,3226800
2017-09-06,32.599998474121094,32.65999984741211,32.25,32.29999923706055,29.343814849853516,2388200
2017-09-07,32.36000061035156,32.56999969482422,32.060001373291016,32.119998931884766,29.180286407470703,4814000
2017-09-08,32.13999938964844,32.220001220703125,31.75,32.209999084472656,29.262052536010742,4649800
2017-09-11,32.16999816894531,32.58000183105469,32.150001525878906,32.5099983215332,29.53459358215332,3403500
2017-09-12,32.5099983215332,32.529998779296875,31.559999465942383,31.760000228881836,28.853239059448242,3336000
2017-09-13,31.65999984741211,31.719999313354492,31.219999313354492,31.479999542236328,28.598865509033203,5821100
2017-09-14,31.40999984741211,31.639999389648438,31.139999389648438,31.639999389648438,28.744220733642578,3859100
2017-09-15,31.299999237060547,31.649999618530273,31.270000457763672,31.6200008392334,28.726049423217773,5434200
2017-09-18,31.6200008392334,31.700000762939453,30.850000381469727,31.25,28.38991355895996,4440100
2017-09-19,31.290000915527344,31.40999984741211,31.15999984741211,31.3700008392334,28.498931884765625,3938900
2017-09-20,31.420000076293945,31.469999313354492,30.93000030517578,31.190000534057617,28.335405349731445,3658300
2017-09-21,31.239999771118164,31.43000030517578,31.100000381469727,31.149999618530273,28.29906463623047,2445800
2017-09-22,31.239999771118164,31.290000915527344,30.8799991607666,30.889999389648438,28.0628604888916,2699300
2017-09-25,30.899999618530273,31.1299991607666,30.780000686645508,31.110000610351562,28.262727737426758,3211500
2017-09-26,31.010000228881836,31.059999465942383,30.770000457763672,30.829999923706055,28.00835418701172,4357900
2017-09-27,30.670000076293945,30.770000457763672,30.030000686645508,30.059999465942383,27.30882453918457,5710000
2017-09-28,30.0,30.329999923706055,29.809999465942383,30.06999969482422,27.31791114807129,3703200
2017-09-29,30.15999984741211,30.950000762939453,30.100000381469727,30.829999923706055,28.00835418701172,7725700
2017-10-02,30.920000076293945,31.110000610351562,30.649999618530273,30.850000381469727,28.026519775390625,4121400
2017-10-03,30.81999969482422,31.18000030517578,30.649999618530273,31.020000457763672,28.18096160888672,3659200
2017-10-04,31.010000228881836,31.40999984741211,30.850000381469727,31.350000381469727,28.48076057434082,3514600
2017-10-05,31.389999389648438,31.530000686645508,31.219999313354492,31.329999923706055,28.46259307861328,3345300
2017-10-06,31.219999313354492,31.420000076293945,30.979999542236328,31.3799991607666,28.508012771606445,4478900
2017-10-09,31.3799991607666,31.5,31.280000686645508,31.40999984741211,28.535268783569336,2433100
2017-10-10,31.420000076293945,31.649999618530273,31.3799991607666,31.59000015258789,28.698795318603516,3519600
2017-10-11,31.559999465942383,31.8799991607666,31.559999465942383,31.829999923706055,28.91683006286621,4329300
2017-10-12,31.8700008392334,32.560001373291016,31.770000457763672,32.45000076293945,29.480087280273438,4196700
2017-10-13,32.5099983215332,32.810001373291016,32.279998779296875,32.4900016784668,29.516422271728516,4332900
2017-10-16,32.40999984741211,32.529998779296875,32.040000915527344,32.060001373291016,29.125782012939453,5436900
2017-10-17,32.15999984741211,32.27000045776367,31.979999542236328,32.16999816894531,29.225709915161133,3881200
2017-10-18,32.119998931884766,32.20000076293945,31.790000915527344,31.989999771118164,29.062185287475586,3909300
2017-10-19,32.130001068115234,32.310001373291016,31.90999984741211,32.29999923706055,29.343814849853516,3206700
2017-10-20,32.2400016784668,32.279998779296875,31.920000076293945,32.130001068115234,29.189376831054688,3053800
2017-10-23,32.18000030517578,32.20000076293945,32.029998779296875,32.130001068115234,29.189376831054688,1944700
2017-10-24,32.11000061035156,32.13999938964844,31.899999618530273,32.0099983215332,29.080354690551758,2671300
2017-10-25,31.899999618530273,31.969999313354492,31.34000015258789,31.850000381469727,28.935001373291016,4901000
2017-10-26,31.989999771118164,32.16999816894531,31.65999984741211,31.780000686645508,28.87140655517578,3028600
2017-10-27,32.099998474121094,32.4900016784668,31.6200008392334,32.29999923706055,29.343814849853516,5708800
2017-10-30,32.38999938964844,32.70000076293945,32.2599983215332,32.66999816894531,29.679948806762695,6294900
2017-10-31,32.709999084472656,33.119998931884766,32.66999816894531,32.95000076293945,29.934326171875,3714700
2017-11-01,32.93000030517578,32.95000076293945,32.5,32.560001373291016,29.58001708984375,3430800
2017-11-02,32.59000015258789,32.72999954223633,32.279998779296875,32.599998474121094,29.61635971069336,2867200
2017-11-03,32.560001373291016,32.869998931884766,32.459999084472656,32.75,29.75263023376465,3110200
2017-11-06,32.43000030517578,33.2599983215332,32.38999938964844,32.77000045776367,30.101688385009766,5491100
2017-11-07,32.810001373291016,33.22999954223633,32.709999084472656,33.13999938964844,30.441556930541992,4937700
2017-11-08,33.08000183105469,33.88999938964844,33.040000915527344,33.72999954223633,30.983516693115234,4221500
2017-11-09,33.56999969482422,33.9900016784668,33.5099983215332,33.599998474121094,30.864103317260742,3248000
2017-11-10,33.369998931884766,33.97999954223633,33.369998931884766,33.880001068115234,31.12131118774414,3961500
2017-11-13,33.86000061035156,34.5,33.83000183105469,34.209999084472656,31.424434661865234,4124200
2017-11-14,34.130001068115234,35.060001373291016,34.130001068115234,35.04999923706055,32.196041107177734,5251500
2017-11-15,35.119998931884766,35.220001220703125,34.43000030517578,34.779998779296875,31.948017120361328,5353000
2017-11-16,34.7599983215332,34.86000061035156,34.58000183105469,34.63999938964844,31.819421768188477,1862200
2017-11-17,34.56999969482422,35.02000045776367,34.5,34.650001525878906,31.8286075592041,4260700
2017-11-20,34.650001525878906,34.72999954223633,34.45000076293945,34.54999923706055,31.736745834350586,3077600
2017-11-21,34.59000015258789,34.59000015258789,34.18000030517578,34.22999954223633,31.44280242919922,3256400
2017-11-22,34.2599983215332,34.400001525878906,34.119998931884766,34.2400016784668,31.45199203491211,2856700
2017-11-24,34.27000045776367,34.41999816894531,33.93000030517578,33.939998626708984,31.17641830444336,2533200
2017-11-27,34.040000915527344,34.060001373291016,33.72999954223633,33.939998626708984,31.17641830444336,4417100
2017-11-28,33.90999984741211,33.959999084472656,33.369998931884766,33.540000915527344,30.80898666381836,6057800
2017-11-29,33.41999816894531,33.75,33.380001068115234,33.66999816894531,30.92840003967285,4447100
2017-11-30,33.709999084472656,34.2400016784668,33.66999816894531,34.13999938964844,31.360130310058594,4660200
2017-12-01,34.290000915527344,34.33000183105469,33.27000045776367,33.7599983215332,31.01107406616211,4432200
2017-12-04,33.81999969482422,33.81999969482422,32.5099983215332,32.58000183105469,29.927162170410156,8799800
2017-12-05,32.58000183105469,32.75,32.2400016784668,32.349998474121094,29.715883255004883,5046100
2017-12-06,32.45000076293945,32.56999969482422,32.13999938964844,32.369998931884766,29.734254837036133,3343200
2017-12-07,32.36000061035156,32.7400016784668,32.209999084472656,32.720001220703125,30.055757522583008,4849000
2017-12-08,32.709999084472656,32.869998931884766,32.52000045776367,32.83000183105469,30.15680503845215,3548200
2017-12-11,32.79999923706055,33.22999954223633,32.79999923706055,33.13999938964844,30.441556930541992,4390600
2017-12-12,33.04999923706055,33.27000045776367,32.65999984741211,32.65999984741211,30.000642776489258,4266900
2017-12-13,32.7400016784668,32.7599983215332,32.27000045776367,32.27000045776367,29.64240264892578,4284600
2017-12-14,32.150001525878906,32.290000915527344,31.920000076293945,32.119998931884766,29.50461196899414,4042800
2017-12-15,32.220001220703125,32.40999984741211,31.760000228881836,31.829999923706055,29.23822593688965,7756100
2017-12-18,31.959999084472656,32.0,31.40999984741211,31.510000228881836,28.94428253173828,4881100
2017-12-19,31.469999313354492,31.540000915527344,30.950000762939453,31.010000228881836,28.484996795654297,4921800
2017-12-20,30.979999542236328,31.1200008392334,30.59000015258789,30.59000015258789,28.099193572998047,3340100
2017-12-21,30.459999084472656,30.899999618530273,30.260000228881836,30.59000015258789,28.099193572998047,3600300
2017-12-22,30.6299991607666,30.790000915527344,30.3700008392334,30.479999542236328,27.998149871826172,2657000
2017-12-26,30.5,30.670000076293945,30.299999237060547,30.31999969482422,27.851177215576172,1908200
2017-12-27,30.3700008392334,30.479999542236328,30.229999542236328,30.31999969482422,27.851177215576172,2258400
2017-12-28,30.329999923706055,30.489999771118164,30.18000030517578,30.450000762939453,27.970592498779297,1932000
2017-12-29,30.479999542236328,30.709999084472656,30.399999618530273,30.6200008392334,28.126752853393555,2323400
2018-01-02,30.719999313354492,30.860000610351562,30.3799991607666,30.81999969482422,28.310468673706055,4084400
2018-01-03,30.65999984741211,31.010000228881836,30.219999313354492,30.3799991607666,27.906295776367188,3772800
2018-01-04,30.3700008392334,30.770000457763672,30.270000457763672,30.31999969482422,27.851177215576172,3195400
2018-01-05,30.34000015258789,30.559999465942383,30.079999923706055,30.110000610351562,27.658279418945312,4564300
2018-01-08,30.110000610351562,30.56999969482422,30.100000381469727,30.389999389648438,27.915477752685547,6862800
2018-01-09,30.3799991607666,30.549999237060547,30.020000457763672,30.059999465942383,27.612348556518555,4145300
2018-01-10,30.0,30.280000686645508,29.65999984741211,29.81999969482422,27.391891479492188,4755200
2018-01-11,29.829999923706055,30.360000610351562,29.75,30.239999771118164,27.777690887451172,5618400
2018-01-12,30.18000030517578,30.360000610351562,29.989999771118164,30.06999969482422,27.621538162231445,3989100
2018-01-16,30.190000534057617,30.25,29.68000030517578,29.920000076293945,27.48375129699707,4599200
2018-01-17,29.899999618530273,30.260000228881836,29.700000762939453,29.920000076293945,27.48375129699707,4773100
2018-01-18,29.860000610351562,29.93000030517578,29.350000381469727,29.559999465942383,27.153060913085938,5686600
2018-01-19,29.649999618530273,29.920000076293945,29.34000015258789,29.399999618530273,27.00609016418457,6574500
2018-01-22,32.13999938964844,34.130001068115234,31.729999542236328,32.45000076293945,29.8077449798584,30608600
2018-01-23,32.61000061035156,32.63999938964844,31.989999771118164,32.0,29.39438247680664,17914400
2018-01-24,31.899999618530273,31.93000030517578,31.030000686645508,31.100000381469727,28.56766700744629,15246700
2018-01-25,31.239999771118164,32.29999923706055,31.209999084472656,32.09000015258789,29.4770565032959,21936700
2018-01-26,32.4900016784668,33.0,31.799999237060547,32.09000015258789,29.4770565032959,19393600
2018-01-29,32.150001525878906,32.369998931884766,31.799999237060547,32.16999816894531,29.550540924072266,16728800
2018-01-30,32.04999923706055,32.400001525878906,31.760000228881836,32.31999969482422,29.68832778930664,13242100
2018-01-31,32.25,32.95000076293945,32.099998474121094,32.900001525878906,30.221105575561523,15400300
2018-02-01,32.900001525878906,33.0,32.439998626708984,32.619998931884766,29.96390151977539,7683400
2018-02-02,32.4900016784668,32.7400016784668,32.060001373291016,32.11000061035156,29.49542808532715,7225900
2018-02-05,32.02000045776367,32.38999938964844,31.540000915527344,31.600000381469727,29.026954650878906,6006100
2018-02-06,30.899999618530273,31.309999465942383,30.1299991607666,30.889999389648438,28.70174789428711,7664200
2018-02-07,30.860000610351562,31.329999923706055,30.770000457763672,30.809999465942383,28.62741470336914,6409300
2018-02-08,30.700000762939453,31.31999969482422,30.489999771118164,30.639999389648438,28.469459533691406,8581600
2018-02-09,30.760000228881836,31.559999465942383,30.709999084472656,31.290000915527344,29.07341194152832,8359600
2018-02-12,31.3799991607666,31.68000030517578,31.09000015258789,31.5,29.268535614013672,7463100
2018-02-13,31.6200008392334,32.209999084472656,31.260000228881836,32.099998474121094,29.826032638549805,10011000
2018-02-14,31.899999618530273,32.29999923706055,31.59000015258789,31.950000762939453,29.68665885925293,7642000
2018-02-15,32.040000915527344,32.869998931884766,31.959999084472656,32.790000915527344,30.467153549194336,7773000
2018-02-16,32.88999938964844,33.29999923706055,32.709999084472656,33.029998779296875,30.69015121459961,4806400
2018-02-20,32.83000183105469,33.060001373291016,32.43000030517578,32.79999923706055,30.476444244384766,5779100
2018-02-21,33.5099983215332,33.86000061035156,32.7400016784668,32.7599983215332,30.43927764892578,12353100
2018-02-22,32.79999923706055,33.400001525878906,32.59000015258789,32.91999816894531,30.587942123413086,5658400
2018-02-23,32.9900016784668,33.84000015258789,32.91999816894531,33.79999923706055,31.405603408813477,5105700
2018-02-26,33.900001525878906,34.060001373291016,33.54999923706055,33.66999816894531,31.28481101989746,4850100
2018-02-27,33.779998779296875,33.90999984741211,32.869998931884766,32.900001525878906,30.56936264038086,5445000
2018-02-28,32.970001220703125,33.029998779296875,32.33000183105469,32.33000183105469,30.039743423461914,6759500
2018-03-01,32.34000015258789,32.86000061035156,32.099998474121094,32.310001373291016,30.02115249633789,7098800
2018-03-02,32.2599983215332,32.59000015258789,32.029998779296875,32.279998779296875,29.993276596069336,9225000
2018-03-05,32.20000076293945,32.720001220703125,32.11000061035156,32.630001068115234,30.3184871673584,9118600
2018-03-06,32.54999923706055,32.650001525878906,31.770000457763672,31.850000381469727,29.59374237060547,5186100
2018-03-07,31.760000228881836,31.8700008392334,31.290000915527344,31.59000015258789,29.35215950012207,5005300
2018-03-08,31.739999771118164,31.90999984741211,31.5,31.799999237060547,29.547286987304688,3894900
2018-03-09,31.799999237060547,32.65999984741211,31.68000030517578,32.650001525878906,30.337072372436523,8118800
2018-03-12,32.70000076293945,32.88999938964844,32.54999923706055,32.70000076293945,30.383525848388672,6814400
2018-03-13,32.790000915527344,33.22999954223633,32.790000915527344,32.9900016784668,30.65298843383789,5127600
2018-03-14,33.040000915527344,33.470001220703125,32.970001220703125,33.41999816894531,31.052522659301758,6060500
2018-03-15,33.45000076293945,33.93000030517578,33.40999984741211,33.68000030517578,31.29410743713379,5669200
2018-03-16,33.68000030517578,34.0099983215332,33.630001068115234,33.88999938964844,31.48923110961914,12514000
2018-03-19,33.900001525878906,34.0099983215332,33.540000915527344,33.790000915527344,31.39631462097168,6738900
2018-03-20,33.81999969482422,34.099998474121094,33.66999816894531,33.7400016784668,31.349857330322266,7894100
2018-03-21,33.75,34.22999954223633,33.72999954223633,34.060001373291016,31.647186279296875,5436100
2018-03-22,33.97999954223633,34.63999938964844,33.97999954223633,34.45000076293945,32.009559631347656,7572200
2018-03-23,34.439998626708984,34.5099983215332,33.72999954223633,33.7400016784668,31.349857330322266,5021900
2018-03-26,33.779998779296875,34.0,33.529998779296875,33.9900016784668,31.582149505615234,9011700
2018-03-27,34.060001373291016,35.029998779296875,33.939998626708984,34.529998779296875,32.083885192871094,6219900
2018-03-28,34.650001525878906,34.900001525878906,34.2599983215332,34.38999938964844,31.953807830810547,7195700
2018-03-29,34.34000015258789,34.68000030517578,33.91999816894531,34.0099983215332,31.600727081298828,10424400
2018-04-02,34.02000045776367,34.36000061035156,33.630001068115234,33.86000061035156,31.461353302001953,5680600
2018-04-03,33.77000045776367,34.15999984741211,33.5,34.029998779296875,31.61931037902832,3269300
2018-04-04,33.849998474121094,34.290000915527344,33.65999984741211,34.18000030517578,31.758686065673828,3956600
2018-04-05,34.18000030517578,34.40999984741211,33.63999938964844,34.349998474121094,31.91663932800293,4503500
2018-04-06,34.310001373291016,34.56999969482422,34.06999969482422,34.20000076293945,31.777263641357422,3919200
2018-04-09,34.20000076293945,34.400001525878906,33.91999816894531,34.13999938964844,31.721515655517578,2674000
2018-04-10,34.33000183105469,34.45000076293945,34.189998626708984,34.38999938964844,31.953807830810547,3619200
2018-04-11,34.34000015258789,34.61000061035156,34.18000030517578,34.5,32.05601119995117,2855400
2018-04-12,34.5099983215332,34.650001525878906,33.97999954223633,34.09000015258789,31.675060272216797,3010800
2018-04-13,34.20000076293945,34.599998474121094,34.130001068115234,34.40999984741211,31.97239112854004,3156600
2018-04-16,34.529998779296875,34.779998779296875,34.41999816894531,34.61000061035156,32.15822219848633,5121200
2018-04-17,34.75,35.16999816894531,34.63999938964844,35.060001373291016,32.576351165771484,3964100
2018-04-18,35.18000030517578,35.52000045776367,35.06999969482422,35.099998474121094,32.61351013183594,3369300
2018-04-19,35.06999969482422,35.25,34.650001525878906,34.869998931884766,32.39980697631836,3541500
2018-04-20,34.939998626708984,34.959999084472656,34.38999938964844,34.439998626708984,32.00026321411133,4231200
2018-04-23,34.459999084472656,35.560001373291016,34.18000030517578,34.5,32.05601119995117,6854200
2018-04-24,34.75,34.77000045776367,34.18000030517578,34.290000915527344,31.86089515686035,8441900
2018-04-25,34.25,34.290000915527344,33.65999984741211,34.15999984741211,31.740095138549805,5859900
2018-04-26,34.18000030517578,34.33000183105469,33.869998931884766,34.290000915527344,31.86089515686035,5580700
2018-04-27,34.2400016784668,34.5,34.130001068115234,34.29999923706055,31.87018394470215,3856800
2018-04-30,34.869998931884766,34.869998931884766,34.25,34.400001525878906,31.963102340698242,5732500
2018-05-01,34.2400016784668,34.400001525878906,33.77000045776367,33.880001068115234,31.479944229125977,3752800
2018-05-02,33.880001068115234,34.189998626708984,33.779998779296875,34.0099983215332,31.600727081298828,4204900
2018-05-03,33.90999984741211,34.04999923706055,33.38999938964844,33.880001068115234,31.479944229125977,4066700
2018-05-04,33.59000015258789,34.220001220703125,33.529998779296875,34.11000061035156,32.034027099609375,3985900
2018-05-07,34.45000076293945,34.650001525878906,34.04999923706055,34.130001068115234,32.05281066894531,4924000
2018-05-08,33.970001220703125,34.040000915527344,33.08000183105469,33.2400016784668,31.21697998046875,7280100
2018-05-09,33.2599983215332,33.52000045776367,33.18000030517578,33.52000045776367,31.479936599731445,4953400
2018-05-10,33.68000030517578,34.0099983215332,33.59000015258789,33.90999984741211,31.8461971282959,2873800
2018-05-11,33.95000076293945,34.16999816894531,33.810001373291016,34.060001373291016,31.98707389831543,1958500
2018-05-14,34.040000915527344,34.09000015258789,33.59000015258789,33.75,31.69593620300293,3937700
2018-05-15,33.56999969482422,33.7599983215332,33.16999816894531,33.630001068115234,31.58324432373047,3156100
2018-05-16,33.70000076293945,33.77000045776367,33.40999984741211,33.66999816894531,31.620807647705078,4535000
2018-05-17,33.63999938964844,33.689998626708984,33.16999816894531,33.25,31.22636604309082,3855600
2018-05-18,33.22999954223633,33.4900016784668,32.93000030517578,33.18000030517578,31.160625457763672,3412200
2018-05-21,33.2599983215332,33.45000076293945,33.06999969482422,33.41999816894531,31.38602066040039,4335000
2018-05-22,33.349998474121094,33.61000061035156,33.20000076293945,33.560001373291016,31.51750373840332,3561700
2018-05-23,33.619998931884766,33.97999954223633,33.5099983215332,33.849998474121094,31.78984832763672,3478000
2018-05-24,33.90999984741211,34.16999816894531,33.790000915527344,33.939998626708984,31.874372482299805,3884200
2018-05-25,34.0099983215332,34.189998626708984,33.849998474121094,34.099998474121094,32.02463912963867,2176500
2018-05-29,34.09000015258789,34.22999954223633,33.70000076293945,34.060001373291016,31.98707389831543,3864300
2018-05-30,33.93000030517578,34.40999984741211,33.7400016784668,34.22999954223633,32.146728515625,2714200
2018-05-31,34.220001220703125,34.75,34.099998474121094,34.41999816894531,32.325157165527344,7741400
2018-06-01,34.41999816894531,34.4900016784668,33.84000015258789,34.20000076293945,32.11854934692383,2755800
2018-06-04,34.310001373291016,34.40999984741211,33.72999954223633,33.81999969482422,31.76167869567871,2165500
2018-06-05,33.86000061035156,34.20000076293945,33.810001373291016,33.939998626708984,31.874372482299805,4559700
2018-06-06,33.90999984741211,34.11000061035156,33.02000045776367,33.16999816894531,31.15123748779297,3291200
2018-06-07,33.130001068115234,33.65999984741211,33.029998779296875,33.34000015258789,31.310890197753906,2741800
2018-06-08,33.400001525878906,33.47999954223633,33.22999954223633,33.31999969482422,31.29210662841797,2893300
2018-06-11,33.349998474121094,33.470001220703125,32.91999816894531,32.970001220703125,30.963411331176758,2575200
2018-06-12,32.970001220703125,33.43000030517578,32.959999084472656,33.31999969482422,31.29210662841797,3014400
2018-06-13,33.369998931884766,33.84000015258789,33.220001220703125,33.630001068115234,31.58324432373047,4921600
2018-06-14,33.70000076293945,34.34000015258789,33.61000061035156,34.27000045776367,32.184288024902344,5916600
2018-06-15,34.66999816894531,34.90999984741211,33.81999969482422,34.70000076293945,32.58812713623047,8589100
2018-06-18,34.61000061035156,34.97999954223633,34.5099983215332,34.7400016784668,32.62568664550781,4119200
2018-06-19,34.779998779296875,35.13999938964844,34.63999938964844,34.91999816894531,32.79473114013672,3538800
2018-06-20,35.0099983215332,35.11000061035156,34.720001220703125,34.88999938964844,32.76655578613281,2766200
2018-06-21,35.0,35.34000015258789,34.88999938964844,35.150001525878906,33.010738372802734,2598500
2018-06-22,35.150001525878906,35.349998474121094,35.02000045776367,35.09000015258789,32.954383850097656,3629000
2018-06-25,35.209999084472656,36.290000915527344,35.16999816894531,36.20000076293945,33.996829986572266,6082400
2018-06-26,36.150001525878906,36.5099983215332,36.0,36.060001373291016,33.86534881591797,3554800
2018-06-27,36.029998779296875,36.54999923706055,35.88999938964844,36.470001220703125,34.250396728515625,5202500
2018-06-28,36.38999938964844,36.709999084472656,35.9900016784668,36.189998626708984,33.98744201660156,4327900
2018-06-29,36.08000183105469,36.11000061035156,35.63999938964844,35.90999984741211,33.7244758605957,4169200
2018-07-02,35.88999938964844,36.310001373291016,35.81999969482422,36.220001220703125,34.01561737060547,3946800
2018-07-03,36.189998626708984,36.7400016784668,36.040000915527344,36.43000030517578,34.21282958984375,2398100
2018-07-05,36.45000076293945,36.689998626708984,36.27000045776367,36.65999984741211,34.428836822509766,2864300
2018-07-06,36.65999984741211,37.0,36.630001068115234,36.77000045776367,34.532142639160156,2687000
2018-07-09,36.790000915527344,36.79999923706055,35.119998931884766,35.31999969482422,33.170387268066406,5805200
2018-07-10,35.11000061035156,35.79999923706055,34.970001220703125,35.38999938964844,33.23612594604492,4601100
2018-07-11,35.529998779296875,36.11000061035156,35.529998779296875,35.900001525878906,33.715091705322266,3570200
2018-07-12,35.970001220703125,36.040000915527344,35.310001373291016,35.650001525878906,33.48030090332031,3940700
2018-07-13,35.650001525878906,35.869998931884766,35.459999084472656,35.84000015258789,33.65874099731445,2202800
2018-07-16,35.75,36.33000183105469,35.63999938964844,36.150001525878906,33.94987487792969,3791000
2018-07-17,36.220001220703125,36.54999923706055,36.099998474121094,36.2599983215332,34.05317687988281,3499200
2018-07-18,36.27000045776367,36.279998779296875,35.560001373291016,35.65999984741211,33.489688873291016,3604500
2018-07-19,35.720001220703125,36.060001373291016,35.529998779296875,35.63999938964844,33.47091293334961,7858300
2018-07-20,35.529998779296875,35.599998474121094,34.880001068115234,35.310001373291016,33.1609992980957,3220600
2018-07-23,35.380001068115234,35.470001220703125,34.83000183105469,34.83000183105469,32.710208892822266,5019000
2018-07-24,34.83000183105469,34.86000061035156,34.29999923706055,34.54999923706055,32.4472541809082,5055600
2018-07-25,34.4900016784668,35.119998931884766,34.4900016784668,34.720001220703125,32.60690689086914,4046900
2018-07-26,34.95000076293945,35.220001220703125,34.90999984741211,35.209999084472656,33.067081451416016,2472400
2018-07-27,35.2400016784668,35.40999984741211,34.86000061035156,35.0099983215332,32.87925720214844,2088100
2018-07-30,34.810001373291016,35.0,34.72999954223633,34.900001525878906,32.77594757080078,4592900
2018-07-31,35.06999969482422,35.52000045776367,34.97999954223633,35.43000030517578,33.2736930847168,5607400
2018-08-01,35.900001525878906,36.560001373291016,35.369998931884766,36.459999084472656,34.241004943847656,7429900
2018-08-02,36.400001525878906,36.790000915527344,35.77000045776367,36.41999816894531,34.20343780517578,4375800
2018-08-03,36.369998931884766,36.689998626708984,36.09000015258789,36.54999923706055,34.32552719116211,3798800
2018-08-06,36.290000915527344,36.5099983215332,36.13999938964844,36.2400016784668,34.372955322265625,2791600
2018-08-07,36.16999816894531,36.27000045776367,35.880001068115234,36.150001525878906,34.287593841552734,2984300
2018-08-08,36.08000183105469,36.220001220703125,35.88999938964844,36.0,34.14531326293945,2427500
2018-08-09,36.0099983215332,36.34000015258789,35.93000030517578,36.29999923706055,34.42986297607422,2387800
2018-08-10,36.36000061035156,36.65999984741211,36.130001068115234,36.2400016784668,34.372955322265625,1848900
2018-08-13,36.2599983215332,36.400001525878906,36.06999969482422,36.36000061035156,34.48677062988281,2144300
2018-08-14,36.29999923706055,36.56999969482422,36.279998779296875,36.380001068115234,34.505741119384766,3823300
2018-08-15,36.4900016784668,36.900001525878906,36.34000015258789,36.650001525878906,34.7618293762207,2175000
2018-08-16,36.59000015258789,37.08000183105469,36.5,37.06999969482422,35.160194396972656,2413100
2018-08-17,37.040000915527344,37.52000045776367,36.90999984741211,37.29999923706055,35.37834167480469,3163900
2018-08-20,37.29999923706055,37.43000030517578,37.040000915527344,37.08000183105469,35.169681549072266,3865800
2018-08-21,36.97999954223633,37.029998779296875,36.66999816894531,36.790000915527344,34.89461898803711,1653300
2018-08-22,36.90999984741211,36.90999984741211,36.38999938964844,36.54999923706055,34.6669807434082,1679100
2018-08-23,36.599998474121094,36.959999084472656,36.52000045776367,36.779998779296875,34.8851318359375,2139000
2018-08-24,36.79999923706055,37.09000015258789,36.63999938964844,37.04999923706055,35.14122009277344,1473600
2018-08-27,37.09000015258789,37.119998931884766,36.540000915527344,36.84000015258789,34.94204330444336,1907400
2018-08-28,37.0,37.2599983215332,36.689998626708984,37.15999984741211,35.24555587768555,3981500
2018-08-29,37.220001220703125,37.47999954223633,37.130001068115234,37.470001220703125,35.53958511352539,3198100
2018-08-30,37.56999969482422,37.689998626708984,37.27000045776367,37.380001068115234,35.454219818115234,3149000
2018-08-31,37.400001525878906,37.7400016784668,37.22999954223633,37.380001068115234,35.454219818115234,2848000
2018-09-04,37.41999816894531,37.72999954223633,37.41999816894531,37.56999969482422,35.63443374633789,2917100
2018-09-05,37.59000015258789,37.91999816894531,37.529998779296875,37.79999923706055,35.85258483886719,2479600
2018-09-06,37.849998474121094,38.09000015258789,37.7400016784668,37.959999084472656,36.00434112548828,2955100
2018-09-07,37.720001220703125,37.939998626708984,37.459999084472656,37.5099983215332,35.57752227783203,3367200
2018-09-10,37.689998626708984,38.290000915527344,37.689998626708984,38.130001068115234,36.16558074951172,5056100
2018-09-11,38.11000061035156,38.369998931884766,37.810001373291016,37.97999954223633,36.02330780029297,2627300
2018-09-12,37.939998626708984,38.0,37.41999816894531,37.75,35.80515670776367,2921400
2018-09-13,37.810001373291016,37.83000183105469,37.439998626708984,37.790000915527344,35.84309768676758,3061800
2018-09-14,37.70000076293945,37.88999938964844,37.33000183105469,37.83000183105469,35.881038665771484,2510500
2018-09-17,37.91999816894531,38.04999923706055,37.77000045776367,37.93000030517578,35.975887298583984,2347300
2018-09-18,37.7400016784668,37.95000076293945,37.70000076293945,37.86000061035156,35.909488677978516,4597600
2018-09-19,37.900001525878906,37.939998626708984,36.560001373291016,36.79999923706055,34.90409469604492,3887200
2018-09-20,36.709999084472656,37.08000183105469,36.47999954223633,36.86000061035156,34.96100997924805,4265200
2018-09-21,36.79999923706055,37.04999923706055,36.52000045776367,36.900001525878906,34.99895477294922,11661900
2018-09-24,36.84000015258789,37.0099983215332,36.70000076293945,36.86000061035156,34.96100997924805,3789600
2018-09-25,36.779998779296875,36.779998779296875,35.90999984741211,36.380001068115234,34.505741119384766,4207800
2018-09-26,36.4900016784668,36.5,35.880001068115234,35.90999984741211,34.0599479675293,3372900
2018-09-27,36.0099983215332,36.689998626708984,35.939998626708984,36.529998779296875,34.64801025390625,2648900
2018-09-28,36.650001525878906,37.25,36.56999969482422,37.16999816894531,35.25503921508789,3763500
2018-10-01,37.130001068115234,37.15999984741211,36.84000015258789,37.0099983215332,35.1032829284668,2631400
2018-10-02,37.25,37.650001525878906,37.029998779296875,37.43000030517578,35.50164794921875,2756700
2018-10-03,37.38999938964844,37.59000015258789,36.349998474121094,36.70000076293945,34.80925750732422,2674000
2018-10-04,36.709999084472656,37.29999923706055,36.529998779296875,37.13999938964844,35.226585388183594,3709300
2018-10-05,37.11000061035156,38.029998779296875,37.11000061035156,37.97999954223633,36.02330780029297,5333900
2018-10-08,38.0,38.36000061035156,37.83000183105469,38.04999923706055,36.08970642089844,5813100
2018-10-09,38.15999984741211,38.52000045776367,37.97999954223633,38.349998474121094,36.374244689941406,3127900
2018-10-10,38.2599983215332,38.70000076293945,38.029998779296875,38.04999923706055,36.08970642089844,3346800
2018-10-11,38.279998779296875,38.34000015258789,37.04999923706055,37.209999084472656,35.29297637939453,3890900
2018-10-12,37.130001068115234,37.349998474121094,36.79999923706055,37.25,35.3309211730957,2300900
2018-10-15,37.31999969482422,37.84000015258789,37.290000915527344,37.40999984741211,35.4826774597168,2757200
2018-10-16,37.43000030517578,38.060001373291016,37.369998931884766,37.79999923706055,35.85258483886719,3080500
2018-10-17,37.779998779296875,38.0,37.650001525878906,37.91999816894531,35.96639633178711,2936500
2018-10-18,37.93000030517578,38.25,37.779998779296875,38.060001373291016,36.09918975830078,3650500
2018-10-19,38.040000915527344,38.9900016784668,38.0099983215332,38.849998474121094,36.84848403930664,4203600
2018-10-22,38.83000183105469,38.95000076293945,38.5,38.619998931884766,36.63033676147461,3305300
2018-10-23,38.63999938964844,38.93000030517578,37.810001373291016,38.2400016784668,36.26991653442383,3328500
2018-10-24,38.38999938964844,39.0099983215332,38.20000076293945,38.709999084472656,36.715702056884766,4540100
2018-10-25,38.529998779296875,38.619998931884766,37.77000045776367,37.88999938964844,35.93794250488281,4227000
2018-10-26,38.060001373291016,38.2400016784668,36.31999969482422,36.709999084472656,34.81873321533203,7817500
2018-10-29,36.849998474121094,37.720001220703125,36.849998474121094,37.2599983215332,35.34040069580078,5213800
2018-10-30,37.41999816894531,37.84000015258789,36.91999816894531,37.22999954223633,35.31195068359375,4877100
2018-10-31,37.099998474121094,37.7400016784668,36.650001525878906,37.279998779296875,35.359375,5618800
2018-11-01,37.2599983215332,37.279998779296875,36.529998779296875,37.16999816894531,35.25503921508789,5531500
2018-11-02,37.27000045776367,37.349998474121094,36.83000183105469,37.119998931884766,35.207611083984375,3857700
2018-11-05,37.279998779296875,37.7599983215332,37.130001068115234,37.47999954223633,35.549072265625,4368000
2018-11-06,37.13999938964844,37.529998779296875,36.88999938964844,37.459999084472656,35.87467575073242,3116400
2018-11-07,37.459999084472656,37.84000015258789,37.380001068115234,37.75,36.152408599853516,3392800
2018-11-08,37.75,38.029998779296875,37.279998779296875,37.70000076293945,36.104522705078125,3955800
2018-11-09,37.66999816894531,38.11000061035156,37.630001068115234,38.0,36.39182662963867,3639700
2018-11-12,38.040000915527344,39.380001068115234,38.0,38.790000915527344,37.14839553833008,4099000
2018-11-13,38.79999923706055,38.880001068115234,38.13999938964844,38.68000030517578,37.043052673339844,2752800
2018-11-14,38.4900016784668,38.790000915527344,38.15999984741211,38.33000183105469,36.70785903930664,3958100
2018-11-15,38.209999084472656,38.91999816894531,37.86000061035156,38.81999969482422,37.1771240234375,5721300
2018-11-16,39.25,39.36000061035156,38.63999938964844,38.77000045776367,37.129241943359375,3203000
2018-11-19,38.7400016784668,39.27000045776367,38.400001525878906,38.540000915527344,36.908973693847656,5198100
2018-11-20,38.709999084472656,38.84000015258789,37.4900016784668,37.95000076293945,36.34394454956055,5944000
2018-11-21,37.61000061035156,37.7400016784668,37.08000183105469,37.29999923706055,35.7214469909668,4497400
2018-11-23,37.33000183105469,37.66999816894531,37.02000045776367,37.5,35.91299057006836,1629300
2018-11-26,37.5,37.7400016784668,37.130001068115234,37.689998626708984,36.09494400024414,2953100
2018-11-27,37.68000030517578,37.9900016784668,37.400001525878906,37.88999938964844,36.28647994995117,3098700
2018-11-28,38.0,38.11000061035156,37.40999984741211,37.599998474121094,36.008750915527344,3736100
2018-11-29,37.52000045776367,37.540000915527344,36.650001525878906,37.150001525878906,35.57780075073242,5133300
2018-11-30,37.18000030517578,37.95000076293945,37.119998931884766,37.83000183105469,36.22901916503906,6353500
2018-12-03,37.869998931884766,38.63999938964844,37.689998626708984,38.59000015258789,36.95685577392578,3825400
2018-12-04,38.709999084472656,39.22999954223633,38.470001220703125,38.54999923706055,36.918548583984375,6133200
2018-12-06,38.689998626708984,39.11000061035156,37.9900016784668,39.08000183105469,37.426124572753906,5537700
2018-12-07,38.9900016784668,39.40999984741211,38.4900016784668,39.22999954223633,37.56977462768555,3541500
2018-12-10,39.29999923706055,39.66999816894531,38.689998626708984,39.540000915527344,37.86665344238281,3783600
2018-12-11,39.54999923706055,39.81999969482422,39.040000915527344,39.61000061035156,37.933692932128906,3119100
2018-12-12,39.65999984741211,39.880001068115234,39.220001220703125,39.22999954223633,37.56977462768555,12897500
2018-12-13,39.20000076293945,39.83000183105469,39.02000045776367,39.439998626708984,37.7708854675293,9558000
2018-12-14,39.470001220703125,39.779998779296875,38.900001525878906,39.119998931884766,37.46443176269531,11758600
2018-12-17,39.220001220703125,39.33000183105469,37.56999969482422,37.720001220703125,36.12367630004883,5668000
2018-12-18,37.880001068115234,38.18000030517578,37.31999969482422,37.630001068115234,36.03748321533203,7470500
2018-12-19,37.5099983215332,38.060001373291016,37.2400016784668,37.36000061035156,35.77891540527344,7416200
2018-12-20,37.40999984741211,37.810001373291016,36.900001525878906,37.400001525878906,35.81721878051758,7329600
2018-12-21,37.31999969482422,38.41999816894531,36.939998626708984,37.189998626708984,35.61610412597656,8925900
2018-12-24,37.20000076293945,37.380001068115234,35.56999969482422,35.84000015258789,34.3232421875,2594500
2018-12-26,35.84000015258789,36.630001068115234,35.33000183105469,36.599998474121094,35.05107116699219,3697100
2018-12-27,36.54999923706055,37.029998779296875,35.77000045776367,37.029998779296875,35.46287536621094,4305300
2018-12-28,37.09000015258789,37.61000061035156,36.970001220703125,37.2599983215332,35.68313980102539,3497300
2018-12-31,37.34000015258789,37.56999969482422,36.93000030517578,37.54999923706055,35.96086883544922,5770100
2019-01-02,37.38999938964844,37.540000915527344,36.52000045776367,36.720001220703125,35.16599655151367,3990600
2019-01-03,36.7400016784668,37.08000183105469,36.4900016784668,36.709999084472656,35.15641403198242,3603000
2019-01-04,36.290000915527344,37.29999923706055,36.290000915527344,37.16999816894531,35.59695053100586,4453500
2019-01-07,37.119998931884766,37.68000030517578,37.0099983215332,37.63999938964844,36.04705810546875,5800400
2019-01-08,37.59000015258789,38.189998626708984,37.43000030517578,38.18000030517578,36.564208984375,5718800
2019-01-09,38.029998779296875,38.220001220703125,37.720001220703125,37.95000076293945,36.34394454956055,6366300
2019-01-10,37.9900016784668,38.619998931884766,37.84000015258789,38.58000183105469,36.94728088378906,4081400
2019-01-11,38.56999969482422,38.56999969482422,38.09000015258789,38.369998931884766,36.74617004394531,3506900
2019-01-14,38.130001068115234,38.209999084472656,37.290000915527344,38.0,36.39182662963867,4998500
2019-01-15,37.95000076293945,38.470001220703125,37.81999969482422,38.119998931884766,36.50674057006836,5188600
2019-01-16,37.95000076293945,38.599998474121094,37.72999954223633,38.47999954223633,36.85151290893555,4644600
2019-01-17,38.400001525878906,38.88999938964844,38.33000183105469,38.709999084472656,37.071781158447266,4620600
2019-01-18,38.79999923706055,39.18000030517578,38.54999923706055,38.869998931884766,37.22500991821289,3806400
2019-01-22,38.9900016784668,39.06999969482422,38.45000076293945,38.75,37.110084533691406,2972200
2019-01-23,38.93000030517578,39.400001525878906,38.77000045776367,39.369998931884766,37.7038459777832,5007300
2019-01-24,39.369998931884766,39.43000030517578,39.0099983215332,39.279998779296875,37.61765670776367,3442800
2019-01-25,39.11000061035156,39.380001068115234,38.72999954223633,38.790000915527344,37.14839553833008,3054500
2019-01-28,38.65999984741211,38.91999816894531,38.16999816894531,38.59000015258789,36.95685577392578,5495000
2019-01-29,38.709999084472656,38.95000076293945,38.380001068115234,38.560001373291016,36.928131103515625,3336500
2019-01-30,38.439998626708984,38.86000061035156,38.40999984741211,38.75,37.110084533691406,3547100
2019-01-31,38.75,39.290000915527344,38.459999084472656,39.20000076293945,37.54104232788086,7394500
2019-02-01,39.13999938964844,39.31999969482422,38.560001373291016,38.779998779296875,37.138816833496094,7887300
2019-02-04,38.150001525878906,38.599998474121094,38.11000061035156,38.540000915527344,36.908973693847656,8885700
2019-02-05,38.540000915527344,38.75,38.34000015258789,38.689998626708984,37.0526237487793,10002500
2019-02-06,38.31999969482422,38.81999969482422,38.279998779296875,38.65999984741211,37.39113998413086,6429400
2019-02-07,38.66999816894531,39.36000061035156,38.45000076293945,39.310001373291016,38.019805908203125,6999900
2019-02-08,39.18000030517578,39.54999923706055,39.130001068115234,39.4900016784668,38.19389724731445,4231200
2019-02-11,39.41999816894531,39.59000015258789,39.189998626708984,39.349998474121094,38.058494567871094,3528100
2019-02-12,39.43000030517578,39.779998779296875,39.20000076293945,39.52000045776367,38.22291564941406,3809600
2019-02-13,39.5099983215332,39.63999938964844,39.369998931884766,39.5099983215332,38.21323776245117,5048700
2019-02-14,39.54999923706055,39.689998626708984,39.18000030517578,39.45000076293945,38.155208587646484,3397800
2019-02-15,39.68000030517578,39.790000915527344,39.27000045776367,39.59000015258789,38.29061508178711,6692600
2019-02-19,39.59000015258789,39.65999984741211,39.400001525878906,39.599998474121094,38.30028533935547,4519400
2019-02-20,39.029998779296875,39.650001525878906,38.63999938964844,39.59000015258789,38.29061508178711,6189200
2019-02-21,39.470001220703125,40.099998474121094,39.220001220703125,40.04999923706055,38.73551559448242,4820100
2019-02-22,40.04999923706055,40.72999954223633,40.040000915527344,40.720001220703125,39.38352966308594,3804300
2019-02-25,40.689998626708984,40.84000015258789,40.29999923706055,40.43000030517578,39.10304641723633,4906800
2019-02-26,40.529998779296875,40.959999084472656,40.25,40.779998779296875,39.44155502319336,6306900
2019-02-27,40.47999954223633,40.810001373291016,40.47999954223633,40.720001220703125,39.38352966308594,6164700
2019-02-28,40.7599983215332,40.900001525878906,40.41999816894531,40.75,39.412540435791016,6837600
2019-03-01,40.689998626708984,40.97999954223633,40.47999954223633,40.900001525878906,39.557621002197266,5018200
2019-03-04,41.0,41.09000015258789,40.459999084472656,40.7400016784668,39.40287399291992,6495200
2019-03-05,40.709999084472656,40.900001525878906,40.369998931884766,40.41999816894531,39.09336853027344,5065500
2019-03-06,40.529998779296875,40.880001068115234,40.33000183105469,40.720001220703125,39.38352966308594,3737800
2019-03-07,40.81999969482422,41.22999954223633,40.63999938964844,40.779998779296875,39.44155502319336,3492400
2019-03-08,40.83000183105469,40.939998626708984,40.47999954223633,40.88999938964844,39.54794692993164,3332800
2019-03-11,41.0,41.380001068115234,40.970001220703125,41.36000061035156,40.00252151489258,3555200
2019-03-12,41.43000030517578,41.720001220703125,41.36000061035156,41.58000183105469,40.215301513671875,3561800
2019-03-13,41.52000045776367,41.779998779296875,41.4900016784668,41.619998931884766,40.25398635864258,3791300
2019-03-14,41.70000076293945,41.75,41.189998626708984,41.209999084472656,39.857444763183594,4062400
2019-03-15,41.33000183105469,41.33000183105469,40.75,41.22999954223633,39.87678909301758,10690400
2019-03-18,41.22999954223633,41.29999923706055,41.0099983215332,41.2400016784668,39.8864631652832,3814800
2019-03-19,41.20000076293945,41.20000076293945,40.16999816894531,40.40999984741211,39.083702087402344,5154700
2019-03-20,40.529998779296875,40.959999084472656,40.27000045776367,40.59000015258789,39.257789611816406,6252600
2019-03-21,40.59000015258789,41.29999923706055,40.54999923706055,41.2400016784668,39.8864631652832,2980000
2019-03-22,41.279998779296875,42.0,41.150001525878906,41.77000045776367,40.3990592956543,3805200
2019-03-25,41.77000045776367,41.880001068115234,41.58000183105469,41.86000061035156,40.48611068725586,3407100
2019-03-26,41.93000030517578,42.130001068115234,41.7599983215332,42.0,40.62151336669922,3284300
2019-03-27,42.04999923706055,42.06999969482422,41.540000915527344,41.720001220703125,40.3507080078125,4854800
2019-03-28,41.779998779296875,41.95000076293945,41.15999984741211,41.400001525878906,40.04121017456055,4550700
2019-03-29,41.41999816894531,41.619998931884766,41.220001220703125,41.61000061035156,40.24431610107422,5481600
2019-04-01,41.529998779296875,41.61000061035156,41.09000015258789,41.45000076293945,40.089569091796875,3686100
2019-04-02,41.5099983215332,41.560001373291016,41.130001068115234,41.34000015258789,39.983177185058594,3406900
2019-04-03,41.2400016784668,41.400001525878906,40.939998626708984,41.09000015258789,39.74138259887695,4049200
2019-04-04,41.189998626708984,41.209999084472656,39.27000045776367,39.439998626708984,38.145538330078125,12163100
2019-04-05,40.400001525878906,41.04999923706055,40.0,40.970001220703125,39.62531661987305,13492200
2019-04-08,40.95000076293945,41.0,40.279998779296875,40.41999816894531,39.09336853027344,5707200
2019-04-09,40.31999969482422,40.869998931884766,40.150001525878906,40.849998474121094,39.50925827026367,3467300
2019-04-10,40.84000015258789,41.189998626708984,40.720001220703125,40.83000183105469,39.48992156982422,4799600
2019-04-11,40.790000915527344,41.220001220703125,40.720001220703125,41.209999084472656,39.857444763183594,4130000
2019-04-12,41.02000045776367,41.40999984741211,40.88999938964844,41.369998931884766,40.01218795776367,2557800
2019-04-15,41.349998474121094,41.54999923706055,41.18000030517578,41.279998779296875,39.92514419555664,2854400
2019-04-16,41.189998626708984,41.400001525878906,40.43000030517578,40.459999084472656,39.132057189941406,3910800
2019-04-17,40.5099983215332,40.5099983215332,40.08000183105469,40.22999954223633,38.90960693359375,3115000
2019-04-18,40.22999954223633,40.79999923706055,40.150001525878906,40.5,39.17074966430664,4477100
2019-04-22,40.540000915527344,40.75,40.349998474121094,40.59000015258789,39.257789611816406,2942400
2019-04-23,40.599998474121094,40.81999969482422,40.209999084472656,40.7400016784668,39.40287399291992,4088400
2019-04-24,40.869998931884766,41.630001068115234,40.630001068115234,40.86000061035156,39.51892852783203,3941600
2019-04-25,40.56999969482422,41.41999816894531,40.54999923706055,41.150001525878906,39.799415588378906,3142000
2019-04-26,41.290000915527344,41.68000030517578,41.290000915527344,41.47999954223633,40.11857986450195,2819800
2019-04-29,41.4900016784668,41.540000915527344,41.18000030517578,41.36000061035156,40.00252151489258,2800300
2019-04-30,41.36000061035156,42.09000015258789,41.209999084472656,42.029998779296875,40.65052795410156,4589900
2019-05-01,41.83000183105469,42.2400016784668,41.83000183105469,41.95000076293945,40.57315444946289,3545600
2019-05-02,42.0,42.16999816894531,41.529998779296875,41.970001220703125,40.59250259399414,3880200
2019-05-03,42.150001525878906,42.529998779296875,42.0,42.5,41.1051025390625,3956300
2019-05-06,41.86000061035156,42.189998626708984,41.79999923706055,41.900001525878906,40.89040756225586,4577900
2019-05-07,41.88999938964844,42.13999938964844,41.779998779296875,42.029998779296875,41.01727294921875,3077200
2019-05-08,41.939998626708984,41.939998626708984,41.38999938964844,41.439998626708984,40.441490173339844,5984400
2019-05-09,41.47999954223633,41.70000076293945,41.189998626708984,41.36000061035156,40.36341857910156,2600900
2019-05-10,41.34000015258789,42.150001525878906,41.13999938964844,42.130001068115234,41.11486053466797,2829800
2019-05-13,41.90999984741211,42.5,41.880001068115234,42.45000076293945,41.42715835571289,3667700
2019-05-14,42.36000061035156,42.470001220703125,41.93000030517578,42.099998474121094,41.08558654785156,2748000
2019-05-15,42.15999984741211,42.209999084472656,41.81999969482422,41.83000183105469,40.82209396362305,2597900
2019-05-16,41.810001373291016,42.310001373291016,41.66999816894531,42.15999984741211,41.144142150878906,2655900
2019-05-17,41.84000015258789,42.630001068115234,41.84000015258789,42.470001220703125,41.44667434692383,3145000
2019-05-20,42.650001525878906,42.88999938964844,42.36000061035156,42.59000015258789,41.563777923583984,3805800
2019-05-21,42.63999938964844,42.75,42.369998931884766,42.38999938964844,41.36859893798828,2986300
2019-05-22,42.459999084472656,42.66999816894531,42.15999984741211,42.63999938964844,41.61257553100586,4032400
2019-05-23,42.65999984741211,43.220001220703125,42.56999969482422,43.150001525878906,42.110286712646484,3866100
2019-05-24,43.119998931884766,43.2400016784668,42.81999969482422,42.86000061035156,41.827274322509766,2666900
2019-05-28,42.880001068115234,42.88999938964844,41.59000015258789,41.63999938964844,40.63666915893555,5841200
2019-05-29,41.75,41.75,40.41999816894531,40.9900016784668,40.00233459472656,5302200
2019-05-30,40.939998626708984,41.31999969482422,40.84000015258789,40.959999084472656,39.97305679321289,2256000
2019-05-31,41.099998474121094,41.439998626708984,40.95000076293945,41.2400016784668,40.24631118774414,3368000
2019-06-03,41.41999816894531,41.7400016784668,41.099998474121094,41.68000030517578,40.67570495605469,2802600
2019-06-04,41.72999954223633,41.88999938964844,40.970001220703125,41.84000015258789,40.831851959228516,2275500
2019-06-05,42.02000045776367,43.25,41.97999954223633,43.06999969482422,42.0322151184082,4374500
2019-06-06,43.16999816894531,43.540000915527344,43.040000915527344,43.38999938964844,42.344505310058594,3257800
2019-06-07,43.66999816894531,44.11000061035156,43.029998779296875,43.040000915527344,42.0029411315918,4339900
2019-06-10,43.040000915527344,43.16999816894531,42.689998626708984,43.02000045776367,41.98341751098633,1983400
2019-06-11,43.0099983215332,43.130001068115234,42.439998626708984,42.75,41.71992492675781,2085600
2019-06-12,42.7400016784668,43.380001068115234,42.7400016784668,43.369998931884766,42.32498550415039,2119800
2019-06-13,43.459999084472656,43.65999984741211,43.13999938964844,43.349998474121094,42.30546951293945,2404000
2019-06-14,43.41999816894531,44.060001373291016,43.290000915527344,43.970001220703125,42.91053009033203,2612200
2019-06-17,43.97999954223633,44.099998474121094,43.61000061035156,43.70000076293945,42.64703369140625,2295800
2019-06-18,44.060001373291016,44.060001373291016,43.15999984741211,43.5099983215332,42.46160888671875,3519000
2019-06-19,43.27000045776367,43.689998626708984,42.810001373291016,43.45000076293945,42.40305709838867,6020700
2019-06-20,43.650001525878906,43.91999816894531,43.119998931884766,43.66999816894531,42.61775588989258,2862900
2019-06-21,43.689998626708984,44.11000061035156,43.380001068115234,43.68000030517578,42.62751388549805,5969100
2019-06-24,43.720001220703125,43.810001373291016,43.38999938964844,43.61000061035156,42.559200286865234,2124800
2019-06-25,43.58000183105469,43.72999954223633,43.40999984741211,43.459999084472656,42.41281509399414,3193400
2019-06-26,43.38999938964844,43.470001220703125,42.470001220703125,42.529998779296875,41.505226135253906,3092100
2019-06-27,42.56999969482422,42.77000045776367,42.43000030517578,42.5099983215332,41.4857063293457,2890600
2019-06-28,42.45000076293945,42.88999938964844,42.380001068115234,42.810001373291016,41.778480529785156,6589500
2019-07-01,42.88999938964844,43.04999923706055,42.38999938964844,42.7400016784668,41.710166931152344,2740000
2019-07-02,42.84000015258789,43.5099983215332,42.83000183105469,43.43000030517578,42.383541107177734,2670200
2019-07-03,43.63999938964844,44.060001373291016,43.560001373291016,43.81999969482422,42.76414108276367,1866800
2019-07-05,43.529998779296875,43.83000183105469,42.970001220703125,43.72999954223633,42.67631149291992,1773000
2019-07-08,43.790000915527344,43.93000030517578,43.31999969482422,43.54999923706055,42.500648498535156,1830100
2019-07-09,43.54999923706055,43.619998931884766,43.150001525878906,43.540000915527344,42.49089050292969,2330600
2019-07-10,43.65999984741211,43.790000915527344,43.400001525878906,43.4900016784668,42.44209671020508,1836500
2019-07-11,43.43000030517578,43.790000915527344,43.060001373291016,43.59000015258789,42.5396842956543,2242300
2019-07-12,43.630001068115234,43.709999084472656,43.18000030517578,43.40999984741211,42.36402130126953,3496400
2019-07-15,43.33000183105469,43.86000061035156,43.22999954223633,43.86000061035156,42.80318069458008,3525100
2019-07-16,43.720001220703125,43.88999938964844,43.279998779296875,43.54999923706055,42.500648498535156,2200700
2019-07-17,43.720001220703125,44.130001068115234,43.689998626708984,43.72999954223633,42.67631149291992,2175600
2019-07-18,43.779998779296875,44.04999923706055,43.2400016784668,44.029998779296875,42.969078063964844,2542100
2019-07-19,43.88999938964844,44.20000076293945,43.4900016784668,43.4900016784668,42.44209671020508,2016700
2019-07-22,43.459999084472656,43.72999954223633,43.15999984741211,43.599998474121094,42.549442291259766,2441600
2019-07-23,43.58000183105469,43.619998931884766,43.22999954223633,43.31999969482422,42.276187896728516,8221700
2019-07-24,44.189998626708984,44.20000076293945,43.150001525878906,43.619998931884766,42.568965911865234,4656600
2019-07-25,43.439998626708984,44.04999923706055,43.279998779296875,43.869998931884766,42.81293869018555,5466100
2019-07-26,44.0,44.20000076293945,43.709999084472656,44.060001373291016,42.99836349487305,5713300
2019-07-29,44.25,44.47999954223633,44.119998931884766,44.470001220703125,43.39847946166992,4863200
2019-07-30,44.45000076293945,44.75,43.81999969482422,44.47999954223633,43.40823745727539,5951300
2019-07-31,44.459999084472656,44.59000015258789,43.84000015258789,43.970001220703125,42.91053009033203,8288700
2019-08-01,43.849998474121094,44.65999984741211,43.630001068115234,44.380001068115234,43.31065368652344,7174700
2019-08-02,44.56999969482422,44.619998931884766,44.06999969482422,44.25,43.18378448486328,9274400
2019-08-05,44.209999084472656,44.2400016784668,43.08000183105469,43.439998626708984,42.39329528808594,11384700
2019-08-06,43.29999923706055,43.56999969482422,42.689998626708984,43.41999816894531,42.74772262573242,4558800
2019-08-07,43.380001068115234,43.869998931884766,42.880001068115234,43.56999969482422,42.89540481567383,2991400
2019-08-08,43.58000183105469,44.369998931884766,43.310001373291016,44.25,43.56487274169922,2392100
2019-08-09,44.310001373291016,44.619998931884766,44.13999938964844,44.20000076293945,43.51565170288086,3083400
2019-08-12,44.25,44.61000061035156,44.11000061035156,44.5099983215332,43.82084655761719,2488300
2019-08-13,44.08000183105469,44.5,43.95000076293945,44.18000030517578,43.49595642089844,3188800
2019-08-14,43.88999938964844,44.220001220703125,43.439998626708984,43.529998779296875,42.85601806640625,3596000
2019-08-15,43.52000045776367,44.31999969482422,43.52000045776367,44.119998931884766,43.436885833740234,4132300
2019-08-16,44.15999984741211,44.7400016784668,44.06999969482422,44.68000030517578,43.988216400146484,4707000
2019-08-19,44.65999984741211,45.279998779296875,44.54999923706055,45.130001068115234,44.43124771118164,4479100
2019-08-20,45.189998626708984,45.189998626708984,44.68000030517578,44.93000030517578,44.234344482421875,3097200
2019-08-21,44.849998474121094,45.5099983215332,44.84000015258789,45.47999954223633,44.77582931518555,4256200
2019-08-22,45.41999816894531,45.77000045776367,45.2599983215332,45.70000076293945,44.992427825927734,3703900
2019-08-23,45.689998626708984,45.900001525878906,44.779998779296875,44.9900016784668,44.293418884277344,5017400
2019-08-26,45.16999816894531,45.470001220703125,45.040000915527344,45.38999938964844,44.68722152709961,3583300
2019-08-27,45.63999938964844,45.779998779296875,45.38999938964844,45.43000030517578,44.72660446166992,4036900
2019-08-28,45.54999923706055,45.849998474121094,45.18000030517578,45.52000045776367,44.81521224975586,4650500
2019-08-29,45.81999969482422,46.029998779296875,45.59000015258789,45.939998626708984,45.22870635986328,3983800
2019-08-30,46.099998474121094,46.13999938964844,45.779998779296875,46.0,45.28778076171875,4033700
2019-09-03,46.02000045776367,46.56999969482422,45.86000061035156,46.540000915527344,45.819419860839844,4112800
2019-09-04,46.79999923706055,47.04999923706055,46.400001525878906,46.84000015258789,46.11477279663086,3875200
2019-09-05,46.560001373291016,46.72999954223633,46.31999969482422,46.52000045776367,45.79972839355469,2777300
2019-09-06,46.58000183105469,46.79999923706055,46.459999084472656,46.68000030517578,45.95724868774414,2254900
2019-09-09,46.59000015258789,46.93000030517578,46.45000076293945,46.91999816894531,46.19353485107422,3634900
2019-09-10,46.810001373291016,46.869998931884766,46.27000045776367,46.7400016784668,46.01632308959961,5953200
2019-09-11,46.58000183105469,47.59000015258789,46.40999984741211,47.59000015258789,46.8531608581543,3527200
2019-09-12,47.630001068115234,48.099998474121094,47.380001068115234,47.630001068115234,46.892539978027344,2680500
2019-09-13,47.54999923706055,47.790000915527344,47.25,47.369998931884766,46.636566162109375,2223700
2019-09-16,47.400001525878906,47.61000061035156,47.25,47.560001373291016,46.82362365722656,2130600
2019-09-17,47.540000915527344,48.16999816894531,47.540000915527344,48.09000015258789,47.34541702270508,3753800
2019-09-18,48.20000076293945,48.27000045776367,47.79999923706055,48.11000061035156,47.365108489990234,2660400
2019-09-19,48.2599983215332,48.2599983215332,47.97999954223633,48.11000061035156,47.365108489990234,2366300
2019-09-20,48.02000045776367,48.150001525878906,47.27000045776367,47.38999938964844,46.65625762939453,11015800
2019-09-23,47.43000030517578,47.93000030517578,47.349998474121094,47.7599983215332,47.02052688598633,3024100
2019-09-24,47.880001068115234,48.68000030517578,47.83000183105469,48.45000076293945,47.69984436035156,4051300
2019-09-25,48.400001525878906,48.880001068115234,48.2400016784668,48.83000183105469,48.0739631652832,4044400
2019-09-26,48.91999816894531,49.06999969482422,48.630001068115234,48.72999954223633,47.97550964355469,2936900
2019-09-27,48.619998931884766,48.849998474121094,48.029998779296875,48.43000030517578,47.68015670776367,3375000
2019-09-30,48.459999084472656,48.599998474121094,47.93000030517578,48.22999954223633,47.483253479003906,6644800
2019-10-01,48.0,48.130001068115234,47.689998626708984,47.88999938964844,47.14851379394531,3422200
2019-10-02,47.79999923706055,47.93000030517578,47.119998931884766,47.310001373291016,46.57749938964844,2882900
2019-10-03,47.349998474121094,47.810001373291016,47.209999084472656,47.7400016784668,47.00083923339844,3399700
2019-10-04,47.95000076293945,48.34000015258789,47.65999984741211,48.22999954223633,47.483253479003906,1990000
2019-10-07,48.04999923706055,48.209999084472656,47.779998779296875,48.029998779296875,47.286346435546875,4201800
2019-10-08,48.08000183105469,48.08000183105469,47.5,47.619998931884766,46.882694244384766,3474800
2019-10-09,47.779998779296875,47.959999084472656,47.599998474121094,47.81999969482422,47.07959747314453,2533600
2019-10-10,47.59000015258789,48.15999984741211,47.45000076293945,47.900001525878906,47.158363342285156,2136200
2019-10-11,47.79999923706055,48.27000045776367,47.72999954223633,47.88999938964844,47.14851379394531,2708300
2019-10-14,47.93000030517578,47.95000076293945,47.31999969482422,47.40999984741211,46.67594909667969,2122500
2019-10-15,47.459999084472656,47.77000045776367,47.36000061035156,47.599998474121094,46.863006591796875,2599400
2019-10-16,47.439998626708984,47.81999969482422,47.22999954223633,47.79999923706055,47.05990982055664,3086100
2019-10-17,47.93000030517578,48.279998779296875,47.77000045776367,48.11000061035156,47.365108489990234,2341100
2019-10-18,47.97999954223633,48.52000045776367,47.83000183105469,48.380001068115234,47.63092803955078,3488200
2019-10-21,48.56999969482422,48.630001068115234,48.119998931884766,48.5,47.74907302856445,2729000
2019-10-22,48.599998474121094,48.66999816894531,48.25,48.36000061035156,47.61124038696289,2573900
2019-10-23,48.59000015258789,48.709999084472656,48.22999954223633,48.40999984741211,47.660465240478516,4456100
2019-10-24,48.130001068115234,48.52000045776367,48.099998474121094,48.290000915527344,47.54232406616211,5092700
2019-10-25,48.40999984741211,48.459999084472656,47.630001068115234,48.0099983215332,47.26665496826172,3834000
2019-10-28,47.86000061035156,48.18000030517578,47.209999084472656,47.27000045776367,46.53811264038086,4501400
2019-10-29,47.209999084472656,47.72999954223633,47.189998626708984,47.58000183105469,46.843318939208984,4907900
2019-10-30,47.619998931884766,48.189998626708984,47.52000045776367,47.84000015258789,47.09928894042969,5655600
2019-10-31,47.90999984741211,48.33000183105469,47.779998779296875,48.31999969482422,47.571861267089844,4639600
2019-11-01,48.45000076293945,48.599998474121094,48.18000030517578,48.36000061035156,47.61124038696289,4608800
2019-11-04,49.0,49.0099983215332,47.720001220703125,48.0,47.256813049316406,6826300
2019-11-05,47.66999816894531,48.09000015258789,46.97999954223633,47.31999969482422,46.58734130859375,7319200
2019-11-06,46.90999984741211,47.459999084472656,46.900001525878906,47.11000061035156,46.756065368652344,9065900
2019-11-07,46.689998626708984,46.97999954223633,46.36000061035156,46.720001220703125,46.368995666503906,9812200
2019-11-08,46.56999969482422,46.70000076293945,46.220001220703125,46.59000015258789,46.23997116088867,4341200
2019-11-11,46.599998474121094,46.709999084472656,45.9900016784668,46.029998779296875,45.68417739868164,5079600
2019-11-12,46.11000061035156,46.529998779296875,46.06999969482422,46.29999923706055,45.9521484375,4928400
2019-11-13,46.47999954223633,47.119998931884766,46.47999954223633,46.91999816894531,46.56748962402344,2819400
2019-11-14,46.93000030517578,47.08000183105469,46.72999954223633,46.7400016784668,46.38884353637695,4415600
2019-11-15,46.86000061035156,47.060001373291016,46.630001068115234,47.040000915527344,46.686588287353516,4621400
2019-11-18,47.18000030517578,47.45000076293945,46.619998931884766,46.77000045776367,46.418617248535156,7869500
2019-11-19,46.83000183105469,46.83000183105469,46.400001525878906,46.43000030517578,46.081172943115234,4241700
2019-11-20,46.5,46.88999938964844,46.369998931884766,46.869998931884766,46.51786422729492,6151900
2019-11-21,46.93000030517578,46.97999954223633,46.41999816894531,46.63999938964844,46.28959274291992,3360400
2019-11-22,46.65999984741211,47.439998626708984,46.59000015258789,47.34000015258789,46.984336853027344,6129800
2019-11-25,47.5,47.79999923706055,47.08000183105469,47.720001220703125,47.361480712890625,4607700
2019-11-26,47.689998626708984,47.84000015258789,47.560001373291016,47.77000045776367,47.41110610961914,6644700
2019-11-27,47.790000915527344,47.83000183105469,47.33000183105469,47.790000915527344,47.43095397949219,5445000
2019-11-29,48.0,48.189998626708984,47.56999969482422,47.689998626708984,47.331703186035156,1463500
2019-12-02,47.41999816894531,47.68000030517578,47.119998931884766,47.52000045776367,47.16298294067383,3556400
2019-12-03,47.56999969482422,47.9900016784668,47.54999923706055,47.7400016784668,47.38133239746094,2884700
2019-12-04,47.79999923706055,48.29999923706055,47.779998779296875,48.189998626708984,47.82794952392578,3159700
2019-12-05,48.11000061035156,48.43000030517578,47.97999954223633,48.40999984741211,48.046295166015625,2488900
2019-12-06,48.38999938964844,48.63999938964844,48.29999923706055,48.380001068115234,48.01652145385742,2287400
2019-12-09,48.38999938964844,48.400001525878906,48.08000183105469,48.119998931884766,47.75847244262695,3322400
2019-12-10,48.06999969482422,48.2599983215332,47.81999969482422,47.9900016784668,47.629451751708984,2807400
2019-12-11,48.02000045776367,48.13999938964844,47.68000030517578,48.02000045776367,47.65922546386719,2967800
2019-12-12,47.959999084472656,48.290000915527344,47.68000030517578,47.849998474121094,47.490501403808594,2593400
2019-12-13,47.75,48.04999923706055,47.43000030517578,47.95000076293945,47.589752197265625,3382900
2019-12-16,48.11000061035156,48.52000045776367,47.83000183105469,48.5099983215332,48.14554214477539,4100900
2019-12-17,48.61000061035156,48.75,48.22999954223633,48.279998779296875,47.91727066040039,3699500
2019-12-18,48.45000076293945,48.63999938964844,48.119998931884766,48.52000045776367,48.15547180175781,3141400
2019-12-19,48.4900016784668,48.720001220703125,48.290000915527344,48.709999084472656,48.34403991699219,4581100
2019-12-20,48.900001525878906,49.04999923706055,48.63999938964844,48.81999969482422,48.453216552734375,5295300
2019-12-23,48.83000183105469,48.939998626708984,48.22999954223633,48.38999938964844,48.02644729614258,2546100
2019-12-24,48.41999816894531,48.54999923706055,48.29999923706055,48.47999954223633,48.11576843261719,958300
2019-12-26,48.45000076293945,48.619998931884766,48.33000183105469,48.5099983215332,48.14554214477539,1778000
2019-12-27,48.4900016784668,48.540000915527344,48.27000045776367,48.38999938964844,48.02644729614258,2587100
2019-12-30,48.290000915527344,48.4900016784668,48.15999984741211,48.4900016784668,48.12569808959961,1883300
2019-12-31,48.4900016784668,48.61000061035156,48.18000030517578,48.599998474121094,48.234867095947266,2929700
2020-01-02,48.560001373291016,48.560001373291016,47.20000076293945,47.529998779296875,47.17290496826172,4639300
2020-01-03,47.400001525878906,47.65999984741211,47.31999969482422,47.459999084472656,47.103431701660156,2970900
2020-01-06,47.5,47.709999084472656,47.33000183105469,47.54999923706055,47.19275665283203,2474900
2020-01-07,47.31999969482422,47.689998626708984,47.2400016784668,47.52000045776367,47.16298294067383,2187700
2020-01-08,47.650001525878906,47.86000061035156,47.5099983215332,47.619998931884766,47.262229919433594,2700000
2020-01-09,47.560001373291016,47.97999954223633,47.529998779296875,47.869998931884766,47.510353088378906,2249100
2020-01-10,48.0,48.279998779296875,47.599998474121094,47.63999938964844,47.282081604003906,4093200
2020-01-13,47.70000076293945,48.06999969482422,47.70000076293945,47.77000045776367,47.41110610961914,2537200
2020-01-14,47.720001220703125,48.060001373291016,47.45000076293945,48.040000915527344,47.6790771484375,3167800
2020-01-15,48.16999816894531,48.65999984741211,48.150001525878906,48.45000076293945,48.085994720458984,2789400
2020-01-16,48.15999984741211,48.970001220703125,48.15999984741211,48.779998779296875,48.413516998291016,3425700
2020-01-17,48.869998931884766,49.13999938964844,48.5,49.060001373291016,48.69141387939453,3251200
2020-01-21,48.90999984741211,49.31999969482422,48.84000015258789,49.29999923706055,48.92960739135742,2854100
2020-01-22,49.529998779296875,49.90999984741211,49.439998626708984,49.88999938964844,49.515174865722656,3359100
2020-01-23,49.84000015258789,50.369998931884766,49.7599983215332,50.349998474121094,49.971717834472656,3138600
2020-01-24,50.31999969482422,50.75,50.08000183105469,50.470001220703125,50.0908203125,2428700
2020-01-27,50.41999816894531,50.77000045776367,50.029998779296875,50.2599983215332,49.88239669799805,2647000
2020-01-28,50.31999969482422,50.83000183105469,50.27000045776367,50.689998626708984,50.309165954589844,2614700
2020-01-29,50.720001220703125,51.06999969482422,50.560001373291016,50.970001220703125,50.58706283569336,2948400
2020-01-30,50.88999938964844,51.040000915527344,50.5099983215332,50.97999954223633,50.596988677978516,4560600
2020-01-31,50.959999084472656,51.04999923706055,50.380001068115234,50.790000915527344,50.408416748046875,5893300
2020-02-03,50.959999084472656,51.529998779296875,50.84000015258789,51.5,51.11308288574219,3456000
2020-02-04,51.5099983215332,52.2599983215332,51.349998474121094,51.4900016784668,51.10315704345703,4569100
2020-02-05,51.43000030517578,52.060001373291016,51.400001525878906,51.90999984741211,51.52000045776367,3103400
2020-02-06,51.529998779296875,51.63999938964844,51.22999954223633,51.25,51.25,3346500
2020-02-07,51.029998779296875,51.52000045776367,50.790000915527344,51.22999954223633,51.22999954223633,2784800
2020-02-10,51.25,51.41999816894531,50.880001068115234,51.36000061035156,51.36000061035156,4385400
2020-02-11,51.529998779296875,51.689998626708984,51.36000061035156,51.540000915527344,51.540000915527344,2588700
2020-02-12,51.529998779296875,51.75,51.29999923706055,51.47999954223633,51.47999954223633,2566100
2020-02-13,51.58000183105469,52.040000915527344,51.38999938964844,51.97999954223633,51.97999954223633,2374400
2020-02-14,52.02000045776367,52.2400016784668,51.86000061035156,52.22999954223633,52.22999954223633,2453900
2020-02-18,52.38999938964844,52.52000045776367,52.130001068115234,52.27000045776367,52.27000045776367,2501800
2020-02-19,52.2599983215332,52.290000915527344,51.9900016784668,52.150001525878906,52.150001525878906,2511900
2020-02-20,52.130001068115234,52.20000076293945,51.709999084472656,51.790000915527344,51.790000915527344,2594500
2020-02-21,51.70000076293945,51.880001068115234,51.38999938964844,51.56999969482422,51.56999969482422,5933300
2020-02-24,51.220001220703125,51.47999954223633,50.619998931884766,50.630001068115234,50.630001068115234,4427600
2020-02-25,50.709999084472656,50.869998931884766,48.83000183105469,48.88999938964844,48.88999938964844,4461100
2020-02-26,48.91999816894531,49.380001068115234,48.290000915527344,48.29999923706055,48.29999923706055,4162500
2020-02-27,48.060001373291016,48.36000061035156,46.22999954223633,46.22999954223633,46.22999954223633,5322800
2020-02-28,45.22999954223633,45.22999954223633,43.56999969482422,44.529998779296875,44.529998779296875,9412800
2020-03-02,44.790000915527344,47.41999816894531,44.66999816894531,47.31999969482422,47.31999969482422,5894500
2020-03-03,47.20000076293945,48.16999816894531,45.81999969482422,45.91999816894531,45.91999816894531,7906700
2020-03-04,46.65999984741211,48.5099983215332,46.27000045776367,48.5,48.5,5367300
2020-03-05,47.52000045776367,48.27000045776367,46.560001373291016,47.130001068115234,47.130001068115234,6141800
2020-03-06,45.72999954223633,46.689998626708984,44.72999954223633,46.47999954223633,46.47999954223633,5994900
2020-03-09,43.52000045776367,44.25,39.25,42.93000030517578,42.93000030517578,10151900
2020-03-10,43.939998626708984,45.16999816894531,42.91999816894531,44.95000076293945,44.95000076293945,7231900
2020-03-11,43.689998626708984,44.349998474121094,42.47999954223633,43.130001068115234,43.130001068115234,8592200
2020-03-12,40.150001525878906,41.61000061035156,37.95000076293945,38.52000045776367,38.52000045776367,7357000
2020-03-13,40.689998626708984,41.25,38.720001220703125,41.2400016784668,41.2400016784668,6070100
2020-03-16,37.70000076293945,39.7599983215332,33.869998931884766,34.29999923706055,34.29999923706055,6701900
2020-03-17,35.2599983215332,40.4900016784668,32.90999984741211,40.11000061035156,40.11000061035156,9171700
2020-03-18,37.4900016784668,38.689998626708984,33.560001373291016,37.20000076293945,37.20000076293945,7253200
2020-03-19,37.31999969482422,37.36000061035156,33.5,35.9900016784668,35.9900016784668,5291200
2020-03-20,35.970001220703125,36.70000076293945,33.97999954223633,34.279998779296875,34.279998779296875,5393500
2020-03-23,34.02000045776367,35.75,32.0,33.189998626708984,33.189998626708984,6180400
2020-03-24,34.209999084472656,36.02000045776367,33.90999984741211,35.47999954223633,35.47999954223633,5400200
2020-03-25,35.33000183105469,37.290000915527344,33.58000183105469,35.5,35.5,5194400
2020-03-26,35.470001220703125,39.27000045776367,35.41999816894531,38.66999816894531,38.66999816894531,4915500
2020-03-27,37.36000061035156,40.33000183105469,37.11000061035156,38.599998474121094,38.599998474121094,5803000
2020-03-30,39.189998626708984,40.90999984741211,38.310001373291016,40.4900016784668,40.4900016784668,6295900
2020-03-31,40.029998779296875,40.83000183105469,39.11000061035156,40.06999969482422,40.06999969482422,7704500
2020-04-01,38.33000183105469,39.31999969482422,38.13999938964844,38.86000061035156,38.86000061035156,6979900
2020-04-02,38.22999954223633,40.52000045776367,38.22999954223633,40.0,40.0,4823500
2020-04-03,39.58000183105469,40.27000045776367,37.560001373291016,37.95000076293945,37.95000076293945,3445000
2020-04-06,39.369998931884766,41.900001525878906,39.369998931884766,41.36000061035156,41.36000061035156,5157800
2020-04-07,42.43000030517578,42.7599983215332,40.38999938964844,40.470001220703125,40.470001220703125,6177600
2020-04-08,40.720001220703125,43.59000015258789,40.400001525878906,43.22999954223633,43.22999954223633,3674700
2020-04-09,43.77000045776367,45.31999969482422,43.77000045776367,44.75,44.75,5735700
2020-04-13,44.11000061035156,44.5,43.060001373291016,43.93000030517578,43.93000030517578,3006200
2020-04-14,44.86000061035156,45.77000045776367,44.599998474121094,45.470001220703125,45.470001220703125,3512100
2020-04-15,44.31999969482422,44.650001525878906,43.630001068115234,43.95000076293945,43.95000076293945,2454200
2020-04-16,43.9900016784668,44.959999084472656,43.380001068115234,44.86000061035156,44.86000061035156,2752700
2020-04-17,45.72999954223633,46.36000061035156,44.79999923706055,46.209999084472656,46.209999084472656,2451700
2020-04-20,45.81999969482422,45.81999969482422,44.31999969482422,44.4900016784668,44.4900016784668,2836900
2020-04-21,43.77000045776367,43.939998626708984,42.630001068115234,43.20000076293945,43.20000076293945,3796200
2020-04-22,44.06999969482422,44.54999923706055,43.16999816894531,44.220001220703125,44.220001220703125,2465200
2020-04-23,44.45000076293945,44.63999938964844,42.779998779296875,43.029998779296875,43.029998779296875,3190600
2020-04-24,39.9900016784668,43.29999923706055,39.34000015258789,42.31999969482422,42.31999969482422,5716700
